,work city,home city,Age [0-29],Age [30-54],Age [55+],Jobs: Goods Producing,Jobs: Other,"Jobs: Trade, Transport, Utilities","Salary, Monthly [0-1250]","Salary, Monthly [1251-3333]","Salary, Monthly [3334+]",total jobs,Year
768,"Algona, IA","Algona, IA",536,1354,469,528,1331,500,911,1118,330,2359,2002
936,"Algona, IA","Whittemore, IA",74,175,32,65,150,66,101,147,33,281,2002
939,"Algona, IA","Woden, IA",18,79,12,30,41,38,28,61,20,109,2002
927,"Algona, IA","Titonka, IA",13,67,16,27,45,24,23,59,14,96,2002
858,"Algona, IA","Livermore, IA",15,56,15,27,38,21,28,44,14,86,2002
859,"Algona, IA","Lone Rock, IA",18,49,6,27,33,13,23,38,12,73,2002
923,"Algona, IA","Swea City, IA",21,44,8,21,36,16,24,41,8,73,2002
914,"Algona, IA","Spencer, IA",20,19,7,6,22,18,18,24,4,46,2002
817,"Algona, IA","Fenton, IA",3,32,8,17,18,8,10,27,6,43,2002
836,"Algona, IA","Humboldt, IA",8,30,3,9,18,14,14,19,8,41,2002
868,"Algona, IA","Mason City, IA",13,20,5,2,15,21,19,16,3,38,2002
821,"Algona, IA","Fort Dodge, IA",9,19,8,5,14,17,17,11,8,36,2002
786,"Algona, IA","Cedar Rapids, IA",6,20,7,2,26,5,18,12,3,33,2002
779,"Algona, IA","Britt, IA",14,13,3,9,17,4,12,18,0,30,2002
904,"Algona, IA","Ruthven, IA",5,15,6,1,22,3,11,12,3,26,2002
815,"Algona, IA","Estherville, IA",9,12,5,0,16,10,14,11,1,26,2002
814,"Algona, IA","Emmetsburg, IA",7,14,4,6,12,7,5,13,7,25,2002
796,"Algona, IA","Crystal Lake, IA",10,12,2,3,15,6,10,13,1,24,2002
838,"Algona, IA","Indianola, IA",9,8,2,0,14,5,11,6,2,19,2002
777,"Algona, IA","Bettendorf, IA",4,12,2,1,11,6,10,5,3,18,2002
793,"Algona, IA","Corwith, IA",3,10,4,0,11,6,9,7,1,17,2002
826,"Algona, IA","Graettinger, IA",4,11,2,4,7,6,7,10,0,17,2002
797,"Algona, IA","Curlew, IA",3,8,5,6,8,2,3,11,2,16,2002
885,"Algona, IA","Ottosen, IA",2,11,3,0,10,6,7,6,3,16,2002
853,"Algona, IA","Ledyard, IA",1,13,1,0,13,2,3,11,1,15,2002
799,"Algona, IA","Dakota City, IA",4,7,4,4,2,9,2,10,3,15,2002
775,"Algona, IA","Bancroft, IA",0,12,2,1,9,4,4,10,0,14,2002
849,"Algona, IA","Lakota, IA",3,9,0,1,9,2,5,7,0,12,2002
887,"Algona, IA","Panorama Park, IA",6,5,0,0,7,4,9,2,0,11,2002
894,"Algona, IA","Quimby, IA",3,6,2,1,4,6,6,2,3,11,2002
931,"Algona, IA","Webster City, IA",3,5,3,0,4,7,9,0,2,11,2002
820,"Algona, IA","Forest City, IA",3,7,0,0,6,4,5,3,2,10,2002
783,"Algona, IA","Carlisle, IA",3,5,2,0,2,8,3,4,3,10,2002
932,"Algona, IA","West Bend, IA",1,7,2,2,7,1,2,7,1,10,2002
878,"Algona, IA","Nora Springs, IA",2,8,0,1,3,6,3,4,3,10,2002
781,"Algona, IA","Buffalo Center, IA",2,5,2,0,4,5,3,3,3,9,2002
785,"Algona, IA","Cedar Falls, IA",5,4,0,2,0,7,4,5,0,9,2002
834,"Algona, IA","Havelock, IA",2,4,3,1,7,1,4,5,0,9,2002
784,"Algona, IA","Carroll, IA",5,4,0,0,5,4,5,4,0,9,2002
798,"Algona, IA","Cushing, IA",3,1,5,0,6,3,4,4,1,9,2002
915,"Algona, IA","Spirit Lake, IA",3,4,1,0,2,6,3,3,2,8,2002
830,"Algona, IA","Hardy, IA",0,6,2,4,4,0,3,3,2,8,2002
790,"Algona, IA","Clear Lake, IA",3,5,0,2,4,2,4,2,2,8,2002
835,"Algona, IA","Hiawatha, IA",3,5,0,0,0,8,3,0,5,8,2002
926,"Algona, IA","Thompson, IA",1,6,1,0,6,2,6,2,0,8,2002
862,"Algona, IA","Manning, IA",1,5,1,3,0,4,1,3,3,7,2002
837,"Algona, IA","Ida Grove, IA",1,3,3,0,5,2,6,1,0,7,2002
825,"Algona, IA","Goldfield, IA",0,6,1,4,2,1,1,3,3,7,2002
880,"Algona, IA","Norwalk, IA",0,3,4,0,2,5,2,4,1,7,2002
893,"Algona, IA","Protivin, IA",3,3,1,0,5,2,3,4,0,7,2002
829,"Algona, IA","Hampton, IA",3,3,0,0,2,4,5,1,0,6,2002
806,"Algona, IA","Dickens, IA",2,4,0,4,1,1,1,4,1,6,2002
876,"Algona, IA","Newell, IA",0,3,3,0,5,1,2,4,0,6,2002
801,"Algona, IA","Dayton, IA",2,1,3,2,2,2,3,3,0,6,2002
776,"Algona, IA","Belmond, IA",4,0,2,1,3,2,4,2,0,6,2002
873,"Algona, IA","Mitchell, IA",2,1,2,0,5,0,4,1,0,5,2002
842,"Algona, IA","Knoxville, IA",2,3,0,0,0,5,1,2,2,5,2002
916,"Algona, IA","Spring Hill, IA",0,4,1,1,1,3,1,4,0,5,2002
872,"Algona, IA","Milford, IA",1,4,0,0,5,0,5,0,0,5,2002
856,"Algona, IA","Lime Springs, IA",0,4,1,0,3,2,3,2,0,5,2002
863,"Algona, IA","Manson, IA",2,3,0,1,4,0,2,3,0,5,2002
851,"Algona, IA","Laurens, IA",0,3,2,1,4,0,4,0,1,5,2002
899,"Algona, IA","Renwick, IA",3,2,0,1,4,0,4,1,0,5,2002
795,"Algona, IA","Cresco, IA",2,1,2,1,4,0,4,1,0,5,2002
938,"Algona, IA","Williams, IA",2,3,0,1,1,3,2,2,1,5,2002
788,"Algona, IA","Cherokee, IA",1,3,1,0,1,4,2,2,1,5,2002
807,"Algona, IA","Dolliver, IA",0,5,0,1,1,3,0,5,0,5,2002
773,"Algona, IA","Aurelia, IA",3,1,1,0,0,5,3,2,0,5,2002
831,"Algona, IA","Harlan, IA",1,3,0,0,2,2,0,4,0,4,2002
871,"Algona, IA","Meriden, IA",1,2,1,0,1,3,3,1,0,4,2002
850,"Algona, IA","Larrabee, IA",1,3,0,0,1,3,3,0,1,4,2002
787,"Algona, IA","Charles City, IA",0,3,1,0,2,2,2,2,0,4,2002
906,"Algona, IA","Sac City, IA",2,2,0,0,3,1,4,0,0,4,2002
935,"Algona, IA","Westside, IA",1,2,1,0,1,3,2,2,0,4,2002
905,"Algona, IA","Rutland, IA",0,4,0,2,2,0,1,3,0,4,2002
774,"Algona, IA","Bagley, IA",3,1,0,0,3,1,1,3,0,4,2002
844,"Algona, IA","Lake City, IA",0,3,1,0,2,2,0,4,0,4,2002
881,"Algona, IA","Oelwein, IA",4,0,0,0,0,4,4,0,0,4,2002
919,"Algona, IA","Stacyville, IA",2,1,1,0,4,0,2,2,0,4,2002
920,"Algona, IA","Storm Lake, IA",1,2,1,0,1,3,1,3,0,4,2002
771,"Algona, IA","Arnolds Park, IA",0,4,0,0,2,2,0,1,3,4,2002
895,"Algona, IA","Rake, IA",1,3,0,0,1,3,1,3,0,4,2002
911,"Algona, IA","Sheldon, IA",2,1,1,0,1,3,3,1,0,4,2002
884,"Algona, IA","Otho, IA",3,0,0,0,2,1,2,1,0,3,2002
772,"Algona, IA","Ashton, IA",0,1,2,0,3,0,3,0,0,3,2002
901,"Algona, IA","Robins, IA",0,2,1,0,0,3,0,0,3,3,2002
889,"Algona, IA","Pella, IA",0,3,0,0,0,3,0,0,3,3,2002
900,"Algona, IA","Riverdale, IA",3,0,0,0,0,3,3,0,0,3,2002
892,"Algona, IA","Pocahontas, IA",0,2,1,1,1,1,1,2,0,3,2002
770,"Algona, IA","Armstrong, IA",0,3,0,2,1,0,0,2,1,3,2002
909,"Algona, IA","Sergeant Bluff, IA",0,3,0,0,0,3,1,0,2,3,2002
827,"Algona, IA","Gray, IA",0,3,0,0,2,1,0,1,2,3,2002
766,"Algona, IA","Ackworth, IA",2,1,0,0,2,1,2,1,0,3,2002
802,"Algona, IA","Decorah, IA",0,3,0,1,2,0,1,2,0,3,2002
921,"Algona, IA","Superior, IA",0,2,1,0,3,0,1,1,1,3,2002
928,"Algona, IA","Truesdale, IA",1,0,2,0,2,1,3,0,0,3,2002
918,"Algona, IA","St. Marys, IA",0,3,0,1,2,0,0,3,0,3,2002
811,"Algona, IA","Elk Horn, IA",1,2,0,2,0,1,1,2,0,3,2002
791,"Algona, IA","Colwell, IA",0,2,0,0,2,0,2,0,0,2,2002
848,"Algona, IA","Lakeside, IA",2,0,0,0,2,0,2,0,0,2,2002
924,"Algona, IA","Tennant, IA",1,1,0,0,1,1,2,0,0,2,2002
898,"Algona, IA","Remsen, IA",1,1,0,0,1,1,1,1,0,2,2002
903,"Algona, IA","Royal, IA",2,0,0,0,0,2,2,0,0,2,2002
810,"Algona, IA","Eagle Grove, IA",0,2,0,0,2,0,2,0,0,2,2002
843,"Algona, IA","La Porte City, IA",2,0,0,1,1,0,1,1,0,2,2002
861,"Algona, IA","Manly, IA",0,2,0,0,1,1,0,2,0,2,2002
816,"Algona, IA","Farnhamville, IA",1,0,1,0,1,1,2,0,0,2,2002
824,"Algona, IA","George, IA",1,0,1,0,2,0,2,0,0,2,2002
809,"Algona, IA","Duncombe, IA",2,0,0,0,1,1,2,0,0,2,2002
818,"Algona, IA","Floyd, IA",0,1,1,0,1,1,1,1,0,2,2002
804,"Algona, IA","Denison, IA",0,2,0,0,0,2,0,2,0,2,2002
925,"Algona, IA","Terril, IA",0,2,0,0,1,1,2,0,0,2,2002
852,"Algona, IA","Le Mars, IA",0,1,1,0,2,0,1,1,0,2,2002
886,"Algona, IA","Panama, IA",0,2,0,0,1,1,1,1,0,2,2002
891,"Algona, IA","Plymouth, IA",0,2,0,0,1,1,0,1,1,2,2002
922,"Algona, IA","Swan, IA",1,1,0,0,0,2,0,2,0,2,2002
789,"Algona, IA","Clarion, IA",0,0,2,0,1,1,2,0,0,2,2002
867,"Algona, IA","Marysville, IA",0,2,0,0,0,2,0,2,0,2,2002
832,"Algona, IA","Harris, IA",1,1,0,0,1,1,1,1,0,2,2002
865,"Algona, IA","Marcus, IA",1,1,0,0,0,2,1,1,0,2,2002
917,"Algona, IA","St. Ansgar, IA",0,1,1,0,2,0,1,1,0,2,2002
913,"Algona, IA","Sioux Rapids, IA",1,0,0,0,0,1,1,0,0,1,2002
902,"Algona, IA","Rockwell City, IA",1,0,0,0,0,1,1,0,0,1,2002
937,"Algona, IA","Willey, IA",1,0,0,0,0,1,0,1,0,1,2002
907,"Algona, IA","Scarville, IA",0,0,1,0,1,0,0,1,0,1,2002
929,"Algona, IA","Wahpeton, IA",0,1,0,0,0,1,0,1,0,1,2002
908,"Algona, IA","Schaller, IA",0,1,0,0,1,0,0,1,0,1,2002
930,"Algona, IA","Webb, IA",0,0,1,0,1,0,0,1,0,1,2002
910,"Algona, IA","Sheffield, IA",1,0,0,0,0,1,1,0,0,1,2002
912,"Algona, IA","Sioux Center, IA",1,0,0,0,0,1,0,1,0,1,2002
933,"Algona, IA","West Okoboji, IA",0,1,0,0,0,1,1,0,0,1,2002
934,"Algona, IA","West Union, IA",0,0,1,0,0,1,0,0,1,1,2002
765,"Algona, IA","Ackley, IA",0,1,0,0,0,1,1,0,0,1,2002
897,"Algona, IA","Reasnor, IA",0,1,0,0,0,1,0,0,1,1,2002
805,"Algona, IA","Denver, IA",0,1,0,0,0,1,0,1,0,1,2002
833,"Algona, IA","Harvey, IA",0,1,0,0,0,1,0,1,0,1,2002
828,"Algona, IA","Grundy Center, IA",0,1,0,0,0,1,1,0,0,1,2002
823,"Algona, IA","Garner, IA",0,1,0,0,1,0,1,0,0,1,2002
822,"Algona, IA","Fostoria, IA",0,1,0,0,1,0,0,1,0,1,2002
819,"Algona, IA","Fonda, IA",1,0,0,0,0,1,1,0,0,1,2002
813,"Algona, IA","Ellsworth, IA",0,1,0,0,1,0,0,1,0,1,2002
812,"Algona, IA","Elk Run Heights, IA",0,1,0,0,0,1,0,0,1,1,2002
808,"Algona, IA","Doon, IA",1,0,0,0,0,1,1,0,0,1,2002
803,"Algona, IA","Deloit, IA",1,0,0,0,0,1,1,0,0,1,2002
840,"Algona, IA","Kimballton, IA",1,0,0,0,0,1,1,0,0,1,2002
800,"Algona, IA","Dawson, IA",0,1,0,0,0,1,1,0,0,1,2002
794,"Algona, IA","Council Bluffs, IA",1,0,0,0,0,1,1,0,0,1,2002
792,"Algona, IA","Coon Rapids, IA",0,1,0,0,0,1,1,0,0,1,2002
782,"Algona, IA","Cambridge, IA",1,0,0,0,0,1,0,0,1,1,2002
780,"Algona, IA","Bronson, IA",0,0,1,0,0,1,1,0,0,1,2002
778,"Algona, IA","Boyden, IA",1,0,0,0,0,1,0,1,0,1,2002
769,"Algona, IA","Arcadia, IA",1,0,0,0,0,1,1,0,0,1,2002
767,"Algona, IA","Adair, IA",0,1,0,0,0,1,1,0,0,1,2002
839,"Algona, IA","Ireton, IA",0,1,0,0,0,1,0,0,1,1,2002
841,"Algona, IA","Klemme, IA",1,0,0,1,0,0,0,1,0,1,2002
896,"Algona, IA","Randall, IA",1,0,0,0,0,1,1,0,0,1,2002
870,"Algona, IA","Melcher-Dallas, IA",0,1,0,0,0,1,0,1,0,1,2002
890,"Algona, IA","Pleasantville, IA",1,0,0,0,0,1,0,1,0,1,2002
888,"Algona, IA","Patterson, IA",1,0,0,0,0,1,0,1,0,1,2002
883,"Algona, IA","Osage, IA",0,1,0,0,1,0,0,1,0,1,2002
882,"Algona, IA","Orange City, IA",0,1,0,0,0,1,1,0,0,1,2002
879,"Algona, IA","Northwood, IA",0,1,0,0,0,1,1,0,0,1,2002
877,"Algona, IA","Newton, IA",0,1,0,0,0,1,0,0,1,1,2002
875,"Algona, IA","Mount Auburn, IA",1,0,0,1,0,0,0,1,0,1,2002
874,"Algona, IA","Monroe, IA",0,1,0,0,0,1,0,0,1,1,2002
869,"Algona, IA","McIntire, IA",1,0,0,0,1,0,0,1,0,1,2002
845,"Algona, IA","Lake Mills, IA",0,1,0,0,1,0,0,1,0,1,2002
866,"Algona, IA","Marion, IA",0,1,0,0,0,1,0,0,1,1,2002
864,"Algona, IA","Marble Rock, IA",1,0,0,0,0,1,1,0,0,1,2002
860,"Algona, IA","Lynnville, IA",1,0,0,0,0,1,0,1,0,1,2002
857,"Algona, IA","Lisbon, IA",0,0,1,0,0,1,0,0,1,1,2002
855,"Algona, IA","Lidderdale, IA",0,1,0,0,1,0,0,1,0,1,2002
854,"Algona, IA","Leland, IA",1,0,0,0,0,1,0,1,0,1,2002
847,"Algona, IA","Lake View, IA",0,1,0,1,0,0,0,0,1,1,2002
846,"Algona, IA","Lake Park, IA",0,1,0,0,0,1,0,1,0,1,2002
940,"Algona, IA","Yetter, IA",0,1,0,0,1,0,0,1,0,1,2002
