,home city,work city,Age [0-29],Age [30-54],Age [55+],Jobs: Goods Producing,Jobs: Other,"Jobs: Trade, Transport, Utilities","Salary, Monthly [0-1250]","Salary, Monthly [1251-3333]","Salary, Monthly [3334+]",total jobs,Year
3257,"Aurora, IA","Hazleton, IA",17,39,20,14,53,9,42,21,13,76,2002
3260,"Aurora, IA","Independence, IA",17,40,5,22,32,8,25,31,6,62,2002
3222,"Aurora, IA","Aurora, IA",10,19,5,9,11,14,18,12,4,34,2002
3229,"Aurora, IA","Cedar Rapids, IA",9,15,4,6,17,5,11,9,8,28,2002
3270,"Aurora, IA","Oelwein, IA",8,16,1,3,16,6,10,15,0,25,2002
3262,"Aurora, IA","Manchester, IA",7,17,0,16,8,0,3,14,7,24,2002
3294,"Aurora, IA","Winthrop, IA",8,14,1,21,0,2,5,14,4,23,2002
3280,"Aurora, IA","Strawberry Point, IA",5,7,1,0,7,6,7,6,0,13,2002
3287,"Aurora, IA","Waterloo, IA",1,8,3,1,9,2,1,7,4,12,2002
3245,"Aurora, IA","Elk Run Heights, IA",1,5,0,6,0,0,0,3,3,6,2002
3242,"Aurora, IA","Dyersville, IA",2,3,1,3,1,2,2,3,1,6,2002
3226,"Aurora, IA","Brandon, IA",2,3,0,5,0,0,1,4,0,5,2002
3274,"Aurora, IA","Randalia, IA",4,1,0,0,4,1,4,1,0,5,2002
3283,"Aurora, IA","Urbana, IA",3,1,0,3,0,1,2,2,0,4,2002
3258,"Aurora, IA","Hiawatha, IA",1,3,0,0,1,3,2,1,1,4,2002
3285,"Aurora, IA","Vinton, IA",1,2,0,0,3,0,0,2,1,3,2002
3254,"Aurora, IA","Fayette, IA",0,3,0,2,1,0,0,2,1,3,2002
3221,"Aurora, IA","Asbury, IA",0,3,0,0,1,2,1,2,0,3,2002
3246,"Aurora, IA","Elkader, IA",1,1,1,1,1,1,1,2,0,3,2002
3243,"Aurora, IA","Edgewood, IA",1,0,2,0,3,0,3,0,0,3,2002
3286,"Aurora, IA","Walker, IA",0,2,1,1,0,2,0,2,1,3,2002
3266,"Aurora, IA","Mason City, IA",2,0,1,0,0,3,3,0,0,3,2002
3228,"Aurora, IA","Cedar Falls, IA",1,1,1,1,2,0,2,1,0,3,2002
3248,"Aurora, IA","Ely, IA",1,2,0,0,3,0,1,1,1,3,2002
3281,"Aurora, IA","Tiffin, IA",0,0,2,0,0,2,0,0,2,2,2002
3259,"Aurora, IA","Hopkinton, IA",0,0,2,0,2,0,2,0,0,2,2002
3275,"Aurora, IA","Readlyn, IA",0,2,0,0,2,0,0,0,2,2,2002
3273,"Aurora, IA","Palo, IA",0,2,0,0,1,1,0,2,0,2,2002
3264,"Aurora, IA","Marion, IA",0,2,0,1,0,1,0,1,1,2,2002
3272,"Aurora, IA","Ottumwa, IA",1,1,0,0,0,2,0,2,0,2,2002
3223,"Aurora, IA","Belmond, IA",1,1,0,1,0,1,1,1,0,2,2002
3249,"Aurora, IA","Evansdale, IA",0,0,2,0,2,0,2,0,0,2,2002
3269,"Aurora, IA","New Hampton, IA",2,0,0,0,0,2,2,0,0,2,2002
3230,"Aurora, IA","Center Point, IA",2,0,0,0,2,0,0,2,0,2,2002
3292,"Aurora, IA","West Union, IA",0,2,0,2,0,0,0,2,0,2,2002
3237,"Aurora, IA","Council Bluffs, IA",2,0,0,1,1,0,1,1,0,2,2002
3289,"Aurora, IA","Waverly, IA",1,0,0,0,1,0,1,0,0,1,2002
3271,"Aurora, IA","Osceola, IA",0,1,0,1,0,0,0,1,0,1,2002
3293,"Aurora, IA","Windsor Heights, IA",0,1,0,0,1,0,1,0,0,1,2002
3291,"Aurora, IA","Wellsburg, IA",0,0,1,0,1,0,0,1,0,1,2002
3290,"Aurora, IA","Webster City, IA",0,1,0,0,0,1,1,0,0,1,2002
3288,"Aurora, IA","Waukon, IA",1,0,0,0,0,1,1,0,0,1,2002
3279,"Aurora, IA","Story City, IA",0,0,1,1,0,0,0,0,1,1,2002
3284,"Aurora, IA","Urbandale, IA",1,0,0,0,1,0,1,0,0,1,2002
3282,"Aurora, IA","Toledo, IA",0,0,1,0,1,0,0,1,0,1,2002
3276,"Aurora, IA","Robins, IA",0,1,0,1,0,0,0,1,0,1,2002
3277,"Aurora, IA","Sageville, IA",0,1,0,0,0,1,0,1,0,1,2002
3278,"Aurora, IA","Sioux City, IA",0,1,0,0,1,0,1,0,0,1,2002
3227,"Aurora, IA","Castalia, IA",0,1,0,0,0,1,1,0,0,1,2002
3261,"Aurora, IA","Iowa Falls, IA",0,1,0,0,1,0,0,1,0,1,2002
3268,"Aurora, IA","Morley, IA",0,1,0,0,0,1,0,1,0,1,2002
3244,"Aurora, IA","Elgin, IA",0,1,0,0,0,1,1,0,0,1,2002
3231,"Aurora, IA","Charles City, IA",1,0,0,0,1,0,1,0,0,1,2002
3232,"Aurora, IA","Cherokee, IA",0,1,0,1,0,0,0,0,1,1,2002
3233,"Aurora, IA","Clarksville, IA",0,1,0,0,0,1,0,1,0,1,2002
3234,"Aurora, IA","Clear Lake, IA",0,1,0,0,0,1,1,0,0,1,2002
3235,"Aurora, IA","Clive, IA",0,1,0,0,1,0,1,0,0,1,2002
3236,"Aurora, IA","Colo, IA",1,0,0,0,1,0,1,0,0,1,2002
3238,"Aurora, IA","Decorah, IA",0,0,1,1,0,0,0,0,1,1,2002
3239,"Aurora, IA","Delaware, IA",1,0,0,1,0,0,0,1,0,1,2002
3240,"Aurora, IA","Des Moines, IA",0,0,1,0,1,0,0,0,1,1,2002
3241,"Aurora, IA","Dubuque, IA",0,1,0,0,1,0,0,1,0,1,2002
3247,"Aurora, IA","Elkport, IA",0,1,0,0,0,1,0,1,0,1,2002
3267,"Aurora, IA","Monticello, IA",1,0,0,0,1,0,1,0,0,1,2002
3250,"Aurora, IA","Fairbank, IA",1,0,0,0,0,1,0,0,1,1,2002
3251,"Aurora, IA","Fairfax, IA",1,0,0,0,0,1,1,0,0,1,2002
3252,"Aurora, IA","Farley, IA",1,0,0,0,1,0,1,0,0,1,2002
3253,"Aurora, IA","Farmersburg, IA",0,1,0,0,0,1,1,0,0,1,2002
3255,"Aurora, IA","Garnavillo, IA",0,1,0,0,1,0,0,1,0,1,2002
3256,"Aurora, IA","Grinnell, IA",1,0,0,0,0,1,1,0,0,1,2002
3225,"Aurora, IA","Blairstown, IA",0,1,0,1,0,0,1,0,0,1,2002
3224,"Aurora, IA","Bettendorf, IA",0,1,0,0,0,1,1,0,0,1,2002
3263,"Aurora, IA","Marengo, IA",1,0,0,0,1,0,0,0,1,1,2002
3265,"Aurora, IA","Marquette, IA",0,1,0,0,0,1,1,0,0,1,2002
3220,"Aurora, IA","Ames, IA",0,1,0,0,1,0,1,0,0,1,2002
