,home city,work city,Age [0-29],Age [30-54],Age [55+],Jobs: Goods Producing,Jobs: Other,"Jobs: Trade, Transport, Utilities","Salary, Monthly [0-1250]","Salary, Monthly [1251-3333]","Salary, Monthly [3334+]",total jobs,Year
568,"Agency, IA","Ottumwa, IA",66,180,38,67,180,37,90,155,39,284,2002
532,"Agency, IA","Fairfield, IA",20,37,6,32,25,6,7,52,4,63,2002
497,"Agency, IA","Batavia, IA",4,26,10,0,40,0,19,16,5,40,2002
507,"Agency, IA","Cedar Rapids, IA",5,22,6,2,19,12,6,13,14,33,2002
527,"Agency, IA","Eldon, IA",8,15,8,6,11,14,15,15,1,31,2002
575,"Agency, IA","Red Oak, IA",3,19,3,12,13,0,4,20,1,25,2002
540,"Agency, IA","Iowa City, IA",9,10,5,2,21,1,4,18,2,24,2002
500,"Agency, IA","Blakesburg, IA",3,13,6,6,15,1,16,5,1,22,2002
526,"Agency, IA","Eddyville, IA",2,16,1,13,4,2,2,8,9,19,2002
567,"Agency, IA","Oskaloosa, IA",6,12,1,8,5,6,5,7,7,19,2002
522,"Agency, IA","Des Moines, IA",3,11,4,2,11,5,4,9,5,18,2002
488,"Agency, IA","Agency, IA",4,8,6,1,9,8,14,3,1,18,2002
565,"Agency, IA","Oelwein, IA",4,9,1,0,13,1,10,3,1,14,2002
537,"Agency, IA","Hiawatha, IA",7,4,2,0,6,7,7,3,3,13,2002
543,"Agency, IA","Kirkville, IA",1,9,3,8,3,2,3,8,2,13,2002
593,"Agency, IA","Waterloo, IA",3,9,0,11,1,0,1,0,11,12,2002
506,"Agency, IA","Cedar Falls, IA",1,7,2,5,5,0,3,1,6,10,2002
589,"Agency, IA","University Park, IA",1,5,3,4,5,0,1,6,2,9,2002
504,"Agency, IA","Carroll, IA",2,4,3,1,8,0,3,6,0,9,2002
576,"Agency, IA","Richland, IA",0,9,0,3,3,3,4,3,2,9,2002
566,"Agency, IA","Osceola, IA",0,0,8,0,7,1,7,1,0,8,2002
501,"Agency, IA","Bloomfield, IA",4,2,2,4,3,1,1,7,0,8,2002
556,"Agency, IA","Melcher-Dallas, IA",1,5,1,7,0,0,1,4,2,7,2002
542,"Agency, IA","Keosauqua, IA",0,7,0,7,0,0,0,7,0,7,2002
581,"Agency, IA","Sigourney, IA",5,1,1,5,2,0,2,5,0,7,2002
492,"Agency, IA","Ankeny, IA",0,5,1,3,2,1,1,2,3,6,2002
590,"Agency, IA","Urbandale, IA",4,2,0,0,4,2,3,1,2,6,2002
529,"Agency, IA","Elk Run Heights, IA",0,5,1,6,0,0,0,4,2,6,2002
554,"Agency, IA","Mason City, IA",2,2,1,0,5,0,2,3,0,5,2002
491,"Agency, IA","Ames, IA",2,1,2,0,2,3,4,0,1,5,2002
595,"Agency, IA","Webster City, IA",2,3,0,1,2,2,1,3,1,5,2002
531,"Agency, IA","Fairfax, IA",2,3,0,0,0,5,5,0,0,5,2002
579,"Agency, IA","Shenandoah, IA",0,4,0,0,1,3,1,2,1,4,2002
490,"Agency, IA","Altoona, IA",1,2,1,0,3,1,2,2,0,4,2002
599,"Agency, IA","West Union, IA",0,4,0,0,3,1,2,2,0,4,2002
539,"Agency, IA","Indianola, IA",1,2,0,0,2,1,2,1,0,3,2002
525,"Agency, IA","Dubuque, IA",1,2,0,2,0,1,0,2,1,3,2002
592,"Agency, IA","Washington, IA",1,0,2,1,0,2,3,0,0,3,2002
503,"Agency, IA","Bussey, IA",1,2,0,3,0,0,0,0,3,3,2002
509,"Agency, IA","Centerville, IA",2,1,0,1,1,1,1,2,0,3,2002
499,"Agency, IA","Bettendorf, IA",0,1,1,0,1,1,1,0,1,2,2002
573,"Agency, IA","Rathbun, IA",0,2,0,0,2,0,1,1,0,2,2002
574,"Agency, IA","Reasnor, IA",0,1,1,0,2,0,0,2,0,2,2002
547,"Agency, IA","Liscomb, IA",0,1,1,1,0,1,0,0,2,2,2002
546,"Agency, IA","Lisbon, IA",1,0,1,0,2,0,0,2,0,2,2002
489,"Agency, IA","Albia, IA",1,1,0,2,0,0,1,1,0,2,2002
544,"Agency, IA","Knoxville, IA",0,2,0,1,1,0,1,0,1,2,2002
553,"Agency, IA","Marshalltown, IA",0,1,1,0,0,2,1,1,0,2,2002
588,"Agency, IA","University Heights, IA",1,1,0,0,2,0,0,2,0,2,2002
587,"Agency, IA","Traer, IA",0,2,0,1,1,0,0,1,1,2,2002
517,"Agency, IA","Council Bluffs, IA",0,2,0,0,1,1,1,1,0,2,2002
571,"Agency, IA","Pella, IA",0,2,0,0,2,0,1,1,0,2,2002
594,"Agency, IA","Waukee, IA",1,1,0,0,2,0,0,2,0,2,2002
535,"Agency, IA","Guthrie Center, IA",0,2,0,0,2,0,1,1,0,2,2002
518,"Agency, IA","Davenport, IA",1,1,0,0,1,1,0,2,0,2,2002
533,"Agency, IA","Fort Dodge, IA",2,0,0,1,1,0,1,1,0,2,2002
498,"Agency, IA","Baxter, IA",0,1,1,1,0,1,1,1,0,2,2002
597,"Agency, IA","West Chester, IA",0,2,0,0,1,1,1,1,0,2,2002
561,"Agency, IA","Moulton, IA",0,2,0,2,0,0,0,2,0,2,2002
551,"Agency, IA","Manning, IA",1,1,0,0,2,0,1,1,0,2,2002
572,"Agency, IA","Perry, IA",0,1,0,0,0,1,0,1,0,1,2002
570,"Agency, IA","Packwood, IA",0,1,0,0,0,1,0,0,1,1,2002
569,"Agency, IA","Oxford, IA",0,1,0,1,0,0,1,0,0,1,2002
596,"Agency, IA","Wellman, IA",0,1,0,0,0,1,1,0,0,1,2002
583,"Agency, IA","Story City, IA",0,1,0,1,0,0,0,1,0,1,2002
582,"Agency, IA","Sioux City, IA",0,1,0,0,0,1,0,0,1,1,2002
600,"Agency, IA","Williamsburg, IA",0,1,0,1,0,0,0,1,0,1,2002
577,"Agency, IA","Riverdale, IA",0,1,0,0,0,1,1,0,0,1,2002
578,"Agency, IA","Salem, IA",1,0,0,0,0,1,0,1,0,1,2002
586,"Agency, IA","Toledo, IA",0,1,0,0,0,1,0,0,1,1,2002
585,"Agency, IA","Tama, IA",0,1,0,1,0,0,0,0,1,1,2002
580,"Agency, IA","Shueyville, IA",1,0,0,0,1,0,1,0,0,1,2002
584,"Agency, IA","Stuart, IA",1,0,0,1,0,0,0,1,0,1,2002
598,"Agency, IA","West Des Moines, IA",0,1,0,0,1,0,1,0,0,1,2002
564,"Agency, IA","Newton, IA",0,1,0,0,0,1,0,0,1,1,2002
591,"Agency, IA","Vinton, IA",0,1,0,0,1,0,1,0,0,1,2002
545,"Agency, IA","Le Grand, IA",1,0,0,0,1,0,0,0,1,1,2002
563,"Agency, IA","Mount Vernon, IA",0,1,0,0,1,0,1,0,0,1,2002
521,"Agency, IA","Delta, IA",0,1,0,0,0,1,0,0,1,1,2002
519,"Agency, IA","De Witt, IA",0,1,0,1,0,0,1,0,0,1,2002
516,"Agency, IA","Coralville, IA",0,1,0,0,0,1,1,0,0,1,2002
515,"Agency, IA","Colo, IA",0,1,0,0,1,0,0,1,0,1,2002
514,"Agency, IA","Clive, IA",1,0,0,0,1,0,1,0,0,1,2002
513,"Agency, IA","Clio, IA",0,1,0,0,0,1,0,1,0,1,2002
512,"Agency, IA","Clinton, IA",0,1,0,0,1,0,1,0,0,1,2002
511,"Agency, IA","Clear Lake, IA",0,1,0,0,1,0,0,0,1,1,2002
510,"Agency, IA","Clarinda, IA",0,1,0,1,0,0,0,0,1,1,2002
508,"Agency, IA","Center Point, IA",1,0,0,0,1,0,0,1,0,1,2002
505,"Agency, IA","Casey, IA",0,1,0,0,1,0,0,0,1,1,2002
502,"Agency, IA","Bonaparte, IA",0,1,0,0,0,1,1,0,0,1,2002
496,"Agency, IA","Avoca, IA",0,0,1,0,0,1,0,0,1,1,2002
495,"Agency, IA","Audubon, IA",0,1,0,0,0,1,1,0,0,1,2002
494,"Agency, IA","Atkins, IA",0,1,0,0,1,0,0,1,0,1,2002
493,"Agency, IA","Asbury, IA",0,1,0,1,0,0,1,0,0,1,2002
520,"Agency, IA","Decorah, IA",1,0,0,0,1,0,1,0,0,1,2002
523,"Agency, IA","Dike, IA",0,1,0,0,0,1,0,1,0,1,2002
562,"Agency, IA","Mount Pleasant, IA",1,0,0,1,0,0,1,0,0,1,2002
524,"Agency, IA","Donnellson, IA",0,1,0,0,0,1,1,0,0,1,2002
560,"Agency, IA","Morrison, IA",0,1,0,1,0,0,0,1,0,1,2002
559,"Agency, IA","Morley, IA",0,1,0,0,1,0,0,0,1,1,2002
558,"Agency, IA","Moravia, IA",0,1,0,0,0,1,1,0,0,1,2002
557,"Agency, IA","Monticello, IA",0,1,0,0,0,1,0,1,0,1,2002
555,"Agency, IA","Maxwell, IA",0,1,0,1,0,0,0,0,1,1,2002
552,"Agency, IA","Marion, IA",0,1,0,1,0,0,0,0,1,1,2002
550,"Agency, IA","Manly, IA",0,1,0,0,1,0,0,1,0,1,2002
549,"Agency, IA","Luana, IA",0,1,0,0,1,0,0,1,0,1,2002
548,"Agency, IA","Low Moor, IA",0,1,0,0,0,1,0,0,1,1,2002
541,"Agency, IA","Iowa Falls, IA",0,0,1,0,1,0,1,0,0,1,2002
538,"Agency, IA","Hillsboro, IA",0,0,1,0,0,1,0,1,0,1,2002
536,"Agency, IA","Harvey, IA",0,1,0,1,0,0,0,1,0,1,2002
534,"Agency, IA","Gilman, IA",0,1,0,1,0,0,1,0,0,1,2002
530,"Agency, IA","Ely, IA",0,1,0,1,0,0,0,1,0,1,2002
528,"Agency, IA","Eldridge, IA",1,0,0,0,0,1,0,0,1,1,2002
601,"Agency, IA","Windsor Heights, IA",1,0,0,0,0,1,1,0,0,1,2002
