,home city,work city,Age [0-29],Age [30-54],Age [55+],Jobs: Goods Producing,Jobs: Other,"Jobs: Trade, Transport, Utilities","Salary, Monthly [0-1250]","Salary, Monthly [1251-3333]","Salary, Monthly [3334+]",total jobs,Year
25559,"Lakeside, IA","Storm Lake, IA",96,266,70,32,309,91,201,189,42,432,2002
25523,"Lakeside, IA","Lakeside, IA",57,146,18,172,41,8,46,152,23,221,2002
25484,"Lakeside, IA","Cherokee, IA",12,39,12,55,8,0,9,46,8,63,2002
25495,"Lakeside, IA","Denison, IA",11,25,2,28,8,2,6,29,3,38,2002
25555,"Lakeside, IA","Sioux City, IA",7,23,5,17,9,9,11,19,5,35,2002
25501,"Lakeside, IA","Elk Run Heights, IA",11,7,0,17,1,0,5,13,0,18,2002
25537,"Lakeside, IA","Newell, IA",3,12,0,6,7,2,4,8,3,15,2002
25557,"Lakeside, IA","Spencer, IA",3,8,3,2,6,6,8,6,0,14,2002
25496,"Lakeside, IA","Des Moines, IA",3,5,4,0,9,3,2,4,6,12,2002
25530,"Lakeside, IA","Meriden, IA",3,8,0,7,4,0,2,7,2,11,2002
25481,"Lakeside, IA","Carroll, IA",5,6,0,7,0,4,4,6,1,11,2002
25476,"Lakeside, IA","Aurelia, IA",0,8,3,0,9,2,4,3,4,11,2002
25519,"Lakeside, IA","Humboldt, IA",2,7,2,0,9,2,5,5,1,11,2002
25497,"Lakeside, IA","Dubuque, IA",6,4,0,0,3,7,7,0,3,10,2002
25564,"Lakeside, IA","Waukee, IA",2,3,2,6,0,1,0,4,3,7,2002
25520,"Lakeside, IA","Ida Grove, IA",2,5,0,2,5,0,1,6,0,7,2002
25524,"Lakeside, IA","Larrabee, IA",2,4,0,3,0,3,3,3,0,6,2002
25490,"Lakeside, IA","Cushing, IA",0,6,0,6,0,0,0,6,0,6,2002
25539,"Lakeside, IA","Orange City, IA",4,2,0,1,5,0,5,1,0,6,2002
25507,"Lakeside, IA","Fort Dodge, IA",2,3,0,1,3,1,2,2,1,5,2002
25526,"Lakeside, IA","Le Mars, IA",1,3,1,0,2,3,2,2,1,5,2002
25550,"Lakeside, IA","Sergeant Bluff, IA",1,4,0,1,2,2,0,5,0,5,2002
25548,"Lakeside, IA","Sac City, IA",0,4,0,2,1,1,0,3,1,4,2002
25485,"Lakeside, IA","Clive, IA",0,2,2,0,3,1,1,1,2,4,2002
25525,"Lakeside, IA","Laurens, IA",1,3,0,2,2,0,0,4,0,4,2002
25483,"Lakeside, IA","Cedar Rapids, IA",4,0,0,0,0,4,4,0,0,4,2002
25478,"Lakeside, IA","Boone, IA",3,0,1,0,0,4,4,0,0,4,2002
25502,"Lakeside, IA","Emmetsburg, IA",1,3,0,0,3,1,3,0,1,4,2002
25561,"Lakeside, IA","Urbandale, IA",0,4,0,0,2,2,2,1,1,4,2002
25515,"Lakeside, IA","Havelock, IA",0,4,0,2,2,0,0,4,0,4,2002
25540,"Lakeside, IA","Osceola, IA",3,0,0,0,0,3,3,0,0,3,2002
25529,"Lakeside, IA","Mason City, IA",2,1,0,0,0,3,2,1,0,3,2002
25552,"Lakeside, IA","Shenandoah, IA",2,1,0,0,1,2,2,1,0,3,2002
25522,"Lakeside, IA","Lake City, IA",1,1,1,0,3,0,1,1,1,3,2002
25513,"Lakeside, IA","Hampton, IA",3,0,0,0,0,3,0,3,0,3,2002
25568,"Lakeside, IA","Yetter, IA",2,1,0,3,0,0,2,1,0,3,2002
25487,"Lakeside, IA","Council Bluffs, IA",1,2,0,2,1,0,1,1,1,3,2002
25498,"Lakeside, IA","Duncombe, IA",0,3,0,3,0,0,0,1,2,3,2002
25472,"Lakeside, IA","Algona, IA",2,0,0,0,2,0,2,0,0,2,2002
25477,"Lakeside, IA","Bettendorf, IA",0,2,0,0,2,0,0,1,1,2,2002
25549,"Lakeside, IA","Schaller, IA",0,2,0,1,1,0,0,1,1,2,2002
25486,"Lakeside, IA","Coralville, IA",2,0,0,0,0,2,2,0,0,2,2002
25551,"Lakeside, IA","Sheldon, IA",2,0,0,0,2,0,2,0,0,2,2002
25482,"Lakeside, IA","Cedar Falls, IA",0,0,2,0,0,2,2,0,0,2,2002
25554,"Lakeside, IA","Sioux Center, IA",0,2,0,1,0,1,0,1,1,2,2002
25556,"Lakeside, IA","Sioux Rapids, IA",1,0,1,1,1,0,1,1,0,2,2002
25558,"Lakeside, IA","Spirit Lake, IA",2,0,0,0,2,0,1,1,0,2,2002
25499,"Lakeside, IA","Eagle Grove, IA",1,1,0,2,0,0,0,1,1,2,2002
25565,"Lakeside, IA","Webster City, IA",2,0,0,0,0,2,2,0,0,2,2002
25505,"Lakeside, IA","Fayette, IA",0,2,0,2,0,0,0,2,0,2,2002
25514,"Lakeside, IA","Hartley, IA",0,2,0,2,0,0,1,1,0,2,2002
25560,"Lakeside, IA","Truesdale, IA",0,1,0,1,0,0,0,1,0,1,2002
25543,"Lakeside, IA","Palmer, IA",0,1,0,0,1,0,0,0,1,1,2002
25544,"Lakeside, IA","Pleasant Hill, IA",0,1,0,0,0,1,0,1,0,1,2002
25545,"Lakeside, IA","Pocahontas, IA",1,0,0,0,1,0,0,1,0,1,2002
25546,"Lakeside, IA","Randolph, IA",1,0,0,0,0,1,1,0,0,1,2002
25547,"Lakeside, IA","Rock Valley, IA",0,1,0,0,1,0,0,1,0,1,2002
25567,"Lakeside, IA","Windsor Heights, IA",1,0,0,0,1,0,1,0,0,1,2002
25566,"Lakeside, IA","West Bend, IA",0,1,0,0,1,0,1,0,0,1,2002
25474,"Lakeside, IA","Ames, IA",0,1,0,0,1,0,1,0,0,1,2002
25475,"Lakeside, IA","Ankeny, IA",0,0,1,0,1,0,1,0,0,1,2002
25553,"Lakeside, IA","Sibley, IA",0,1,0,0,1,0,1,0,0,1,2002
25480,"Lakeside, IA","Carlisle, IA",0,0,1,0,0,1,0,1,0,1,2002
25563,"Lakeside, IA","Waterloo, IA",0,0,1,0,0,1,0,1,0,1,2002
25541,"Lakeside, IA","Ottosen, IA",0,1,0,1,0,0,0,1,0,1,2002
25562,"Lakeside, IA","Wall Lake, IA",0,1,0,0,1,0,0,1,0,1,2002
25479,"Lakeside, IA","Buffalo Center, IA",0,1,0,0,0,1,0,0,1,1,2002
25542,"Lakeside, IA","Pacific Junction, IA",0,1,0,1,0,0,0,1,0,1,2002
25508,"Lakeside, IA","Garner, IA",0,1,0,0,0,1,0,0,1,1,2002
25488,"Lakeside, IA","Cresco, IA",1,0,0,0,0,1,1,0,0,1,2002
25489,"Lakeside, IA","Crystal Lake, IA",0,0,1,0,0,1,1,0,0,1,2002
25510,"Lakeside, IA","Gilman, IA",0,0,1,0,1,0,1,0,0,1,2002
25511,"Lakeside, IA","Graettinger, IA",0,1,0,0,1,0,1,0,0,1,2002
25512,"Lakeside, IA","Grinnell, IA",0,1,0,1,0,0,0,1,0,1,2002
25506,"Lakeside, IA","Fonda, IA",1,0,0,0,1,0,1,0,0,1,2002
25516,"Lakeside, IA","Hiawatha, IA",0,0,1,0,0,1,1,0,0,1,2002
25517,"Lakeside, IA","Hinton, IA",0,0,1,0,0,1,0,1,0,1,2002
25518,"Lakeside, IA","Hull, IA",1,0,0,0,1,0,1,0,0,1,2002
25504,"Lakeside, IA","Farragut, IA",0,1,0,1,0,0,0,1,0,1,2002
25473,"Lakeside, IA","Alton, IA",0,1,0,0,0,1,0,0,1,1,2002
25521,"Lakeside, IA","Indianola, IA",0,1,0,0,1,0,1,0,0,1,2002
25503,"Lakeside, IA","Estherville, IA",0,1,0,0,1,0,0,1,0,1,2002
25500,"Lakeside, IA","Early, IA",0,1,0,1,0,0,0,1,0,1,2002
25494,"Lakeside, IA","Decorah, IA",1,0,0,0,1,0,1,0,0,1,2002
25527,"Lakeside, IA","Manly, IA",0,0,1,0,1,0,0,1,0,1,2002
25528,"Lakeside, IA","Marcus, IA",0,0,1,1,0,0,0,1,0,1,2002
25493,"Lakeside, IA","De Witt, IA",0,1,0,0,1,0,0,0,1,1,2002
25492,"Lakeside, IA","Davenport, IA",0,0,1,0,1,0,1,0,0,1,2002
25531,"Lakeside, IA","Merrill, IA",0,0,1,0,0,1,0,0,1,1,2002
25532,"Lakeside, IA","Milford, IA",0,1,0,0,0,1,0,1,0,1,2002
25533,"Lakeside, IA","Minburn, IA",0,1,0,1,0,0,0,1,0,1,2002
25534,"Lakeside, IA","Montezuma, IA",0,0,1,0,1,0,0,1,0,1,2002
25535,"Lakeside, IA","Morley, IA",0,0,1,0,0,1,1,0,0,1,2002
25536,"Lakeside, IA","Nashua, IA",1,0,0,0,0,1,1,0,0,1,2002
25491,"Lakeside, IA","Dakota City, IA",1,0,0,0,1,0,1,0,0,1,2002
25509,"Lakeside, IA","Gilbert, IA",0,1,0,1,0,0,0,0,1,1,2002
25538,"Lakeside, IA","Onawa, IA",1,0,0,0,1,0,1,0,0,1,2002
