,home city,work city,Age [0-29],Age [30-54],Age [55+],Jobs: Goods Producing,Jobs: Other,"Jobs: Trade, Transport, Utilities","Salary, Monthly [0-1250]","Salary, Monthly [1251-3333]","Salary, Monthly [3334+]",total jobs,Year
738,"Albert City, IA","Albert City, IA",12,32,26,4,54,12,41,21,8,70,2002
754,"Albert City, IA","Carroll, IA",13,30,5,4,27,17,26,15,7,48,2002
837,"Albert City, IA","Storm Lake, IA",7,30,3,4,28,8,14,24,2,40,2002
801,"Albert City, IA","Laurens, IA",12,20,1,15,11,7,12,16,5,33,2002
767,"Albert City, IA","Denison, IA",5,18,7,6,13,11,6,14,10,30,2002
805,"Albert City, IA","Marshalltown, IA",11,14,4,6,10,13,12,13,4,29,2002
806,"Albert City, IA","Mason City, IA",8,18,1,0,25,2,7,14,6,27,2002
843,"Albert City, IA","Waterloo, IA",11,12,3,1,16,9,13,7,6,26,2002
807,"Albert City, IA","Melcher-Dallas, IA",4,18,3,25,0,0,1,19,5,25,2002
847,"Albert City, IA","Webster City, IA",6,12,2,2,7,11,7,11,2,20,2002
797,"Albert City, IA","Lakeside, IA",4,12,3,12,4,3,7,12,0,19,2002
755,"Albert City, IA","Cedar Falls, IA",11,6,1,0,14,4,12,3,3,18,2002
833,"Albert City, IA","Sioux Rapids, IA",3,14,1,2,7,9,9,7,2,18,2002
834,"Albert City, IA","Spencer, IA",2,11,4,7,8,2,2,13,2,17,2002
844,"Albert City, IA","Waukee, IA",5,11,1,2,7,8,3,11,3,17,2002
846,"Albert City, IA","Webb, IA",3,7,4,3,3,8,6,7,1,14,2002
749,"Albert City, IA","Belle Plaine, IA",2,5,2,2,4,3,4,2,3,9,2002
759,"Albert City, IA","Cherokee, IA",3,5,1,9,0,0,0,8,1,9,2002
771,"Albert City, IA","Elk Run Heights, IA",1,7,1,8,1,0,2,5,2,9,2002
790,"Albert City, IA","Humboldt, IA",2,5,1,2,3,3,5,2,1,8,2002
768,"Albert City, IA","Des Moines, IA",1,5,2,1,2,5,4,3,1,8,2002
815,"Albert City, IA","Onawa, IA",2,5,0,1,5,1,1,6,0,7,2002
792,"Albert City, IA","Iowa City, IA",2,4,1,4,3,0,0,3,4,7,2002
839,"Albert City, IA","Truesdale, IA",2,4,1,6,1,0,3,3,1,7,2002
783,"Albert City, IA","Graettinger, IA",3,4,0,0,7,0,2,5,0,7,2002
818,"Albert City, IA","Oskaloosa, IA",3,1,2,0,4,2,4,2,0,6,2002
821,"Albert City, IA","Perry, IA",1,4,1,0,5,1,3,2,1,6,2002
793,"Albert City, IA","Jefferson, IA",2,3,1,0,3,3,1,4,1,6,2002
845,"Albert City, IA","Waverly, IA",2,4,0,0,5,1,2,2,2,6,2002
737,"Albert City, IA","Adel, IA",2,4,0,0,6,0,2,4,0,6,2002
850,"Albert City, IA","Winterset, IA",3,3,0,0,0,6,3,3,0,6,2002
760,"Albert City, IA","Clive, IA",0,5,1,0,5,1,1,2,3,6,2002
756,"Albert City, IA","Cedar Rapids, IA",1,4,1,1,5,0,0,5,1,6,2002
746,"Albert City, IA","Audubon, IA",3,2,0,5,0,0,0,5,0,5,2002
823,"Albert City, IA","Pocahontas, IA",1,3,1,0,5,0,1,1,3,5,2002
811,"Albert City, IA","Newell, IA",1,4,0,0,1,4,0,2,3,5,2002
817,"Albert City, IA","Osceola, IA",0,3,2,0,4,1,0,4,1,5,2002
816,"Albert City, IA","Osage, IA",1,4,0,0,4,1,2,2,1,5,2002
786,"Albert City, IA","Hampton, IA",5,0,0,0,4,1,4,1,0,5,2002
751,"Albert City, IA","Boone, IA",2,3,0,0,1,4,2,1,2,5,2002
765,"Albert City, IA","Dakota City, IA",1,2,1,2,0,2,1,2,1,4,2002
810,"Albert City, IA","New Hampton, IA",1,3,0,1,0,3,1,3,0,4,2002
832,"Albert City, IA","Sioux City, IA",1,3,0,1,2,1,3,1,0,4,2002
776,"Albert City, IA","Farragut, IA",0,4,0,4,0,0,0,0,4,4,2002
789,"Albert City, IA","Hiawatha, IA",0,0,3,0,3,0,0,3,0,3,2002
812,"Albert City, IA","Newton, IA",1,2,0,0,3,0,1,2,0,3,2002
829,"Albert City, IA","Shenandoah, IA",1,2,0,0,2,1,1,2,0,3,2002
764,"Albert City, IA","Crystal Lake, IA",1,0,2,2,0,1,2,1,0,3,2002
781,"Albert City, IA","Garner, IA",0,2,1,1,0,2,2,0,1,3,2002
753,"Albert City, IA","Britt, IA",1,1,1,0,2,1,2,1,0,3,2002
777,"Albert City, IA","Fayette, IA",0,3,0,3,0,0,0,3,0,3,2002
774,"Albert City, IA","Everly, IA",2,1,0,0,1,2,2,1,0,3,2002
747,"Albert City, IA","Aurelia, IA",0,3,0,1,2,0,2,1,0,3,2002
780,"Albert City, IA","Fostoria, IA",1,2,0,0,1,2,1,2,0,3,2002
804,"Albert City, IA","Marcus, IA",0,1,1,0,2,0,0,2,0,2,2002
745,"Albert City, IA","Atlantic, IA",0,2,0,1,0,1,1,0,1,2,2002
808,"Albert City, IA","Meriden, IA",0,1,1,0,2,0,2,0,0,2,2002
769,"Albert City, IA","Dickens, IA",0,1,1,0,1,1,1,1,0,2,2002
830,"Albert City, IA","Sibley, IA",2,0,0,0,0,2,2,0,0,2,2002
828,"Albert City, IA","Schaller, IA",0,2,0,1,1,0,0,1,1,2,2002
820,"Albert City, IA","Palo, IA",1,0,1,0,0,2,2,0,0,2,2002
748,"Albert City, IA","Bagley, IA",0,2,0,1,1,0,0,2,0,2,2002
757,"Albert City, IA","Chariton, IA",0,2,0,0,1,1,0,2,0,2,2002
824,"Albert City, IA","Pomeroy, IA",1,1,0,0,0,2,1,1,0,2,2002
799,"Albert City, IA","Lamoni, IA",2,0,0,0,1,1,2,0,0,2,2002
778,"Albert City, IA","Floyd, IA",0,2,0,0,2,0,1,1,0,2,2002
838,"Albert City, IA","Stratford, IA",1,1,0,0,1,1,1,1,0,2,2002
772,"Albert City, IA","Ely, IA",0,2,0,0,2,0,0,1,1,2,2002
773,"Albert City, IA","Estherville, IA",0,2,0,1,1,0,1,1,0,2,2002
840,"Albert City, IA","Urbandale, IA",0,2,0,0,0,2,0,0,2,2,2002
842,"Albert City, IA","Walford, IA",0,2,0,1,1,0,1,1,0,2,2002
788,"Albert City, IA","Havelock, IA",0,2,0,0,1,1,0,1,1,2,2002
743,"Albert City, IA","Arnolds Park, IA",0,2,0,0,2,0,2,0,0,2,2002
835,"Albert City, IA","Spirit Lake, IA",1,1,0,1,1,0,1,1,0,2,2002
740,"Albert City, IA","Ames, IA",2,0,0,0,2,0,2,0,0,2,2002
849,"Albert City, IA","Whittemore, IA",0,1,0,0,1,0,0,1,0,1,2002
826,"Albert City, IA","Ruthven, IA",0,1,0,1,0,0,0,1,0,1,2002
827,"Albert City, IA","Sac City, IA",1,0,0,0,0,1,1,0,0,1,2002
848,"Albert City, IA","Wellsburg, IA",0,1,0,0,0,1,0,1,0,1,2002
742,"Albert City, IA","Arcadia, IA",0,1,0,1,0,0,0,1,0,1,2002
739,"Albert City, IA","Albia, IA",1,0,0,0,0,1,1,0,0,1,2002
741,"Albert City, IA","Anita, IA",0,1,0,1,0,0,0,0,1,1,2002
841,"Albert City, IA","Van Meter, IA",0,1,0,0,1,0,0,1,0,1,2002
831,"Albert City, IA","Sioux Center, IA",1,0,0,0,0,1,1,0,0,1,2002
744,"Albert City, IA","Atkins, IA",1,0,0,1,0,0,0,1,0,1,2002
825,"Albert City, IA","Rock Valley, IA",0,0,1,0,1,0,1,0,0,1,2002
836,"Albert City, IA","Stanton, IA",1,0,0,0,1,0,1,0,0,1,2002
766,"Albert City, IA","Davenport, IA",0,1,0,0,0,1,0,1,0,1,2002
809,"Albert City, IA","Missouri Valley, IA",1,0,0,0,0,1,1,0,0,1,2002
822,"Albert City, IA","Pleasant Hill, IA",0,1,0,0,1,0,1,0,0,1,2002
761,"Albert City, IA","Coon Rapids, IA",1,0,0,0,0,1,0,1,0,1,2002
770,"Albert City, IA","Eldora, IA",1,0,0,0,1,0,1,0,0,1,2002
775,"Albert City, IA","Exira, IA",1,0,0,0,1,0,1,0,0,1,2002
779,"Albert City, IA","Fonda, IA",1,0,0,0,0,1,1,0,0,1,2002
782,"Albert City, IA","George, IA",0,1,0,0,1,0,0,1,0,1,2002
784,"Albert City, IA","Grand Junction, IA",0,1,0,0,0,1,1,0,0,1,2002
785,"Albert City, IA","Grundy Center, IA",0,1,0,0,0,1,0,1,0,1,2002
787,"Albert City, IA","Hartley, IA",0,1,0,0,0,1,1,0,0,1,2002
763,"Albert City, IA","Council Bluffs, IA",0,1,0,1,0,0,0,1,0,1,2002
791,"Albert City, IA","Ida Grove, IA",1,0,0,0,0,1,1,0,0,1,2002
762,"Albert City, IA","Corning, IA",0,0,1,0,0,1,1,0,0,1,2002
795,"Albert City, IA","Johnston, IA",0,1,0,0,0,1,0,0,1,1,2002
819,"Albert City, IA","Palmer, IA",0,1,0,0,1,0,0,0,1,1,2002
796,"Albert City, IA","Lake Mills, IA",1,0,0,0,1,0,0,1,0,1,2002
758,"Albert City, IA","Charles City, IA",1,0,0,1,0,0,0,1,0,1,2002
798,"Albert City, IA","Lambs Grove, IA",1,0,0,0,1,0,1,0,0,1,2002
800,"Albert City, IA","Larrabee, IA",1,0,0,0,1,0,1,0,0,1,2002
802,"Albert City, IA","Madrid, IA",1,0,0,0,0,1,1,0,0,1,2002
803,"Albert City, IA","Malvern, IA",1,0,0,0,0,1,1,0,0,1,2002
752,"Albert City, IA","Bristow, IA",1,0,0,0,1,0,1,0,0,1,2002
813,"Albert City, IA","Nora Springs, IA",0,1,0,0,0,1,0,1,0,1,2002
814,"Albert City, IA","Norwalk, IA",0,1,0,0,0,1,0,1,0,1,2002
750,"Albert City, IA","Bettendorf, IA",0,1,0,0,0,1,0,1,0,1,2002
794,"Albert City, IA","Jesup, IA",0,1,0,0,1,0,0,1,0,1,2002
