,home city,work city,Age [0-29],Age [30-54],Age [55+],Jobs: Goods Producing,Jobs: Other,"Jobs: Trade, Transport, Utilities","Salary, Monthly [0-1250]","Salary, Monthly [1251-3333]","Salary, Monthly [3334+]",total jobs,Year
32856,"Mount Auburn, IA","Waterloo, IA",64,158,36,51,160,47,62,152,44,258,2002
32766,"Mount Auburn, IA","Cedar Falls, IA",22,62,3,27,40,20,28,37,22,87,2002
32812,"Mount Auburn, IA","La Porte City, IA",13,42,18,21,39,13,34,26,13,73,2002
32790,"Mount Auburn, IA","Evansdale, IA",14,36,4,38,11,5,13,36,5,54,2002
32787,"Mount Auburn, IA","Elk Run Heights, IA",6,33,11,47,3,0,0,15,35,50,2002
32760,"Mount Auburn, IA","Blairstown, IA",10,26,8,11,26,7,16,19,9,44,2002
32826,"Mount Auburn, IA","Mount Auburn, IA",14,19,6,8,20,11,24,11,4,39,2002
32767,"Mount Auburn, IA","Cedar Rapids, IA",11,16,3,9,13,8,3,18,9,30,2002
32854,"Mount Auburn, IA","Vinton, IA",4,21,2,6,13,8,11,13,3,27,2002
32820,"Mount Auburn, IA","Mason City, IA",4,15,1,0,20,0,8,10,2,20,2002
32859,"Mount Auburn, IA","Webster City, IA",3,13,1,15,2,0,0,14,3,17,2002
32781,"Mount Auburn, IA","Des Moines, IA",3,10,3,1,8,7,4,9,3,16,2002
32809,"Mount Auburn, IA","Jesup, IA",1,12,1,9,0,5,0,12,2,14,2002
32785,"Mount Auburn, IA","Elberon, IA",3,9,1,1,6,6,5,8,0,13,2002
32756,"Mount Auburn, IA","Ankeny, IA",3,6,2,7,1,3,5,3,3,11,2002
32755,"Mount Auburn, IA","Ames, IA",7,2,2,0,4,7,6,4,1,11,2002
32804,"Mount Auburn, IA","Hiawatha, IA",4,5,1,0,5,5,4,5,1,10,2002
32769,"Mount Auburn, IA","Charles City, IA",3,6,0,7,2,0,5,4,0,9,2002
32858,"Mount Auburn, IA","Waverly, IA",1,5,2,2,6,0,3,4,1,8,2002
32784,"Mount Auburn, IA","Dysart, IA",1,5,1,0,7,0,2,3,2,7,2002
32855,"Mount Auburn, IA","Walford, IA",1,1,4,2,3,1,4,2,0,6,2002
32852,"Mount Auburn, IA","Urbandale, IA",3,1,1,0,4,1,3,1,1,5,2002
32824,"Mount Auburn, IA","Morrison, IA",4,1,0,2,1,2,2,0,3,5,2002
32792,"Mount Auburn, IA","Fairfax, IA",1,2,2,2,0,3,1,3,1,5,2002
32863,"Mount Auburn, IA","Windsor Heights, IA",2,2,0,0,1,3,2,2,0,4,2002
32805,"Mount Auburn, IA","Hudson, IA",0,4,0,2,2,0,1,2,1,4,2002
32808,"Mount Auburn, IA","Iowa City, IA",1,2,1,0,3,1,2,0,2,4,2002
32811,"Mount Auburn, IA","Keystone, IA",1,2,1,0,3,1,1,3,0,4,2002
32861,"Mount Auburn, IA","West Des Moines, IA",1,3,0,1,3,0,2,1,1,4,2002
32839,"Mount Auburn, IA","Rathbun, IA",1,3,0,0,1,3,2,1,1,4,2002
32777,"Mount Auburn, IA","Davenport, IA",3,1,0,1,3,0,3,1,0,4,2002
32771,"Mount Auburn, IA","Clear Lake, IA",2,1,1,0,4,0,2,2,0,4,2002
32774,"Mount Auburn, IA","Council Bluffs, IA",1,2,0,3,0,0,0,3,0,3,2002
32800,"Mount Auburn, IA","Grundy Center, IA",0,2,1,0,3,0,0,3,0,3,2002
32848,"Mount Auburn, IA","Sumner, IA",0,3,0,0,0,3,1,2,0,3,2002
32833,"Mount Auburn, IA","Osage, IA",1,2,0,1,1,1,2,0,1,3,2002
32851,"Mount Auburn, IA","Urbana, IA",0,3,0,0,1,2,0,3,0,3,2002
32843,"Mount Auburn, IA","Robins, IA",1,2,0,0,3,0,1,2,0,3,2002
32818,"Mount Auburn, IA","Marshalltown, IA",0,2,1,0,3,0,0,3,0,3,2002
32788,"Mount Auburn, IA","Elkader, IA",2,1,0,0,1,2,1,1,1,3,2002
32761,"Mount Auburn, IA","Boone, IA",2,0,1,1,2,0,2,1,0,3,2002
32813,"Mount Auburn, IA","Manchester, IA",1,2,0,1,2,0,1,2,0,3,2002
32776,"Mount Auburn, IA","Crystal Lake, IA",3,0,0,3,0,0,0,3,0,3,2002
32817,"Mount Auburn, IA","Marion, IA",1,2,0,0,1,2,0,1,2,3,2002
32831,"Mount Auburn, IA","Norway, IA",1,1,1,0,2,1,2,1,0,3,2002
32836,"Mount Auburn, IA","Parkersburg, IA",0,2,0,0,2,0,0,2,0,2,2002
32838,"Mount Auburn, IA","Prairie City, IA",0,1,1,1,1,0,1,0,1,2,2002
32823,"Mount Auburn, IA","Morley, IA",1,1,0,1,0,1,2,0,0,2,2002
32753,"Mount Auburn, IA","Allison, IA",0,2,0,1,1,0,1,1,0,2,2002
32832,"Mount Auburn, IA","Oelwein, IA",0,2,0,2,0,0,1,1,0,2,2002
32803,"Mount Auburn, IA","Hazleton, IA",1,1,0,0,1,1,1,0,1,2,2002
32850,"Mount Auburn, IA","Unionville, IA",0,2,0,0,1,1,0,1,1,2,2002
32782,"Mount Auburn, IA","Dike, IA",1,0,1,0,1,1,1,1,0,2,2002
32786,"Mount Auburn, IA","Eldridge, IA",2,0,0,0,2,0,1,1,0,2,2002
32763,"Mount Auburn, IA","Brooklyn, IA",0,0,2,2,0,0,0,1,1,2,2002
32762,"Mount Auburn, IA","Britt, IA",0,2,0,0,2,0,1,1,0,2,2002
32768,"Mount Auburn, IA","Centerville, IA",1,1,0,0,0,2,0,2,0,2,2002
32770,"Mount Auburn, IA","Clarksville, IA",2,0,0,2,0,0,0,2,0,2,2002
32772,"Mount Auburn, IA","Clive, IA",1,1,0,0,1,1,1,1,0,2,2002
32773,"Mount Auburn, IA","Clutier, IA",0,2,0,0,2,0,2,0,0,2,2002
32862,"Mount Auburn, IA","Williamsburg, IA",0,2,0,2,0,0,0,2,0,2,2002
32783,"Mount Auburn, IA","Dunkerton, IA",1,0,1,1,1,0,0,1,1,2,2002
32830,"Mount Auburn, IA","Norwalk, IA",1,1,0,0,0,2,1,0,1,2,2002
32849,"Mount Auburn, IA","Tiffin, IA",0,2,0,0,0,2,0,2,0,2,2002
32793,"Mount Auburn, IA","Fort Dodge, IA",2,0,0,0,1,1,1,1,0,2,2002
32860,"Mount Auburn, IA","Wellsburg, IA",1,1,0,1,1,0,0,2,0,2,2002
32841,"Mount Auburn, IA","Reinbeck, IA",0,1,0,0,0,1,0,0,1,1,2002
32853,"Mount Auburn, IA","Van Horne, IA",0,1,0,0,1,0,1,0,0,1,2002
32845,"Mount Auburn, IA","Sioux City, IA",1,0,0,1,0,0,0,1,0,1,2002
32834,"Mount Auburn, IA","Ottumwa, IA",0,1,0,1,0,0,0,0,1,1,2002
32844,"Mount Auburn, IA","Shueyville, IA",0,1,0,0,0,1,0,1,0,1,2002
32835,"Mount Auburn, IA","Oxford, IA",0,1,0,0,0,1,0,1,0,1,2002
32842,"Mount Auburn, IA","Rhodes, IA",0,1,0,0,0,1,0,1,0,1,2002
32840,"Mount Auburn, IA","Raymond, IA",0,1,0,0,1,0,0,1,0,1,2002
32837,"Mount Auburn, IA","Perry, IA",0,0,1,0,1,0,0,0,1,1,2002
32865,"Mount Auburn, IA","Winthrop, IA",0,1,0,1,0,0,0,1,0,1,2002
32857,"Mount Auburn, IA","Waukon, IA",1,0,0,0,1,0,0,1,0,1,2002
32847,"Mount Auburn, IA","Stanhope, IA",1,0,0,1,0,0,1,0,0,1,2002
32864,"Mount Auburn, IA","Winterset, IA",0,1,0,1,0,0,0,0,1,1,2002
32846,"Mount Auburn, IA","Spencer, IA",1,0,0,1,0,0,0,1,0,1,2002
32751,"Mount Auburn, IA","Adel, IA",0,1,0,0,0,1,0,0,1,1,2002
32829,"Mount Auburn, IA","New Hartford, IA",0,0,1,1,0,0,0,1,0,1,2002
32778,"Mount Auburn, IA","De Soto, IA",1,0,0,0,0,1,1,0,0,1,2002
32795,"Mount Auburn, IA","Garner, IA",1,0,0,0,1,0,1,0,0,1,2002
32794,"Mount Auburn, IA","Fredericksburg, IA",0,1,0,1,0,0,1,0,0,1,2002
32791,"Mount Auburn, IA","Fairbank, IA",0,1,0,0,0,1,1,0,0,1,2002
32789,"Mount Auburn, IA","Ely, IA",0,1,0,0,1,0,0,0,1,1,2002
32780,"Mount Auburn, IA","Denver, IA",0,1,0,1,0,0,0,1,0,1,2002
32779,"Mount Auburn, IA","Decorah, IA",0,1,0,0,0,1,0,1,0,1,2002
32775,"Mount Auburn, IA","Creston, IA",0,1,0,0,1,0,1,0,0,1,2002
32797,"Mount Auburn, IA","Gilbertville, IA",1,0,0,1,0,0,0,1,0,1,2002
32765,"Mount Auburn, IA","Carlisle, IA",0,1,0,0,0,1,0,1,0,1,2002
32764,"Mount Auburn, IA","Burlington, IA",0,1,0,0,0,1,0,0,1,1,2002
32759,"Mount Auburn, IA","Bettendorf, IA",0,1,0,0,0,1,1,0,0,1,2002
32758,"Mount Auburn, IA","Bedford, IA",0,1,0,0,1,0,0,1,0,1,2002
32757,"Mount Auburn, IA","Asbury, IA",1,0,0,0,1,0,1,0,0,1,2002
32754,"Mount Auburn, IA","Altoona, IA",0,1,0,0,1,0,0,0,1,1,2002
32796,"Mount Auburn, IA","Garwin, IA",0,1,0,0,0,1,0,0,1,1,2002
32798,"Mount Auburn, IA","Grand Mound, IA",1,0,0,1,0,0,0,1,0,1,2002
32828,"Mount Auburn, IA","Nevada, IA",0,1,0,0,0,1,0,1,0,1,2002
32815,"Mount Auburn, IA","Marble Rock, IA",1,0,0,0,0,1,0,1,0,1,2002
32827,"Mount Auburn, IA","Muscatine, IA",0,1,0,0,1,0,0,1,0,1,2002
32825,"Mount Auburn, IA","Moulton, IA",0,0,1,0,1,0,0,0,1,1,2002
32822,"Mount Auburn, IA","Monticello, IA",0,1,0,0,1,0,1,0,0,1,2002
32821,"Mount Auburn, IA","Melcher-Dallas, IA",0,1,0,0,1,0,0,1,0,1,2002
32819,"Mount Auburn, IA","Marysville, IA",0,1,0,0,1,0,1,0,0,1,2002
32816,"Mount Auburn, IA","Marengo, IA",0,0,1,0,1,0,0,1,0,1,2002
32814,"Mount Auburn, IA","Maquoketa, IA",1,0,0,0,0,1,1,0,0,1,2002
32799,"Mount Auburn, IA","Grimes, IA",0,1,0,0,1,0,0,0,1,1,2002
32810,"Mount Auburn, IA","Johnston, IA",0,0,1,0,0,1,0,1,0,1,2002
32752,"Mount Auburn, IA","Algona, IA",1,0,0,1,0,0,0,1,0,1,2002
32807,"Mount Auburn, IA","Independence, IA",1,0,0,0,1,0,1,0,0,1,2002
32806,"Mount Auburn, IA","Huxley, IA",0,1,0,0,1,0,1,0,0,1,2002
32802,"Mount Auburn, IA","Hampton, IA",0,0,1,0,1,0,0,1,0,1,2002
32801,"Mount Auburn, IA","Guttenberg, IA",0,0,1,0,1,0,1,0,0,1,2002
32866,"Mount Auburn, IA","Woden, IA",0,1,0,0,1,0,1,0,0,1,2002
