,home city,work city,Age [0-29],Age [30-54],Age [55+],Jobs: Goods Producing,Jobs: Other,"Jobs: Trade, Transport, Utilities","Salary, Monthly [0-1250]","Salary, Monthly [1251-3333]","Salary, Monthly [3334+]",total jobs,Year
21125,"Haverhill, IA","Marshalltown, IA",51,100,38,78,84,27,53,83,53,189,2002
21103,"Haverhill, IA","Des Moines, IA",9,29,3,6,20,15,7,20,14,41,2002
21134,"Haverhill, IA","Newton, IA",7,24,4,22,9,4,4,16,15,35,2002
21087,"Haverhill, IA","Ames, IA",10,13,3,3,14,9,7,12,7,26,2002
21112,"Haverhill, IA","Haverhill, IA",2,11,4,8,8,1,9,4,4,17,2002
21148,"Haverhill, IA","Urbandale, IA",3,5,1,3,6,0,5,2,2,9,2002
21130,"Haverhill, IA","Nevada, IA",2,6,1,6,2,1,1,8,0,9,2002
21093,"Haverhill, IA","Cedar Falls, IA",4,4,1,2,2,5,6,2,1,9,2002
21088,"Haverhill, IA","Ankeny, IA",1,6,1,3,3,2,2,2,4,8,2002
21108,"Haverhill, IA","Gilman, IA",1,4,2,0,6,1,2,5,0,7,2002
21116,"Haverhill, IA","Iowa City, IA",2,3,1,1,5,0,3,1,2,6,2002
21142,"Haverhill, IA","State Center, IA",2,3,1,0,5,1,3,1,2,6,2002
21138,"Haverhill, IA","Reasnor, IA",1,4,0,1,4,0,1,3,1,5,2002
21118,"Haverhill, IA","Johnston, IA",3,1,1,1,4,0,1,4,0,5,2002
21086,"Haverhill, IA","Altoona, IA",1,4,0,0,3,2,3,1,1,5,2002
21127,"Haverhill, IA","Melbourne, IA",1,3,0,1,1,2,1,3,0,4,2002
21122,"Haverhill, IA","Le Grand, IA",0,4,0,0,4,0,2,2,0,4,2002
21151,"Haverhill, IA","Waterloo, IA",1,3,0,0,3,1,1,3,0,4,2002
21110,"Haverhill, IA","Grinnell, IA",1,2,0,1,1,1,1,1,1,3,2002
21145,"Haverhill, IA","Toledo, IA",1,2,0,0,2,1,1,2,0,3,2002
21113,"Haverhill, IA","Hiawatha, IA",2,1,0,0,0,3,3,0,0,3,2002
21117,"Haverhill, IA","Iowa Falls, IA",1,2,0,0,2,1,1,2,0,3,2002
21155,"Haverhill, IA","Windsor Heights, IA",1,0,2,0,3,0,1,1,1,3,2002
21094,"Haverhill, IA","Cedar Rapids, IA",3,0,0,1,2,0,2,1,0,3,2002
21137,"Haverhill, IA","Pleasant Hill, IA",2,1,0,0,0,3,2,1,0,3,2002
21089,"Haverhill, IA","Baxter, IA",1,2,0,0,3,0,2,0,1,3,2002
21124,"Haverhill, IA","Lynnville, IA",0,2,1,0,2,1,1,1,1,3,2002
21140,"Haverhill, IA","Shell Rock, IA",0,0,2,0,2,0,1,0,1,2,2002
21121,"Haverhill, IA","Lambs Grove, IA",1,1,0,1,1,0,2,0,0,2,2002
21139,"Haverhill, IA","Rhodes, IA",0,2,0,0,2,0,0,1,1,2,2002
21126,"Haverhill, IA","Maxwell, IA",1,1,0,0,2,0,1,1,0,2,2002
21136,"Haverhill, IA","Ottumwa, IA",1,1,0,1,0,1,1,0,1,2,2002
21109,"Haverhill, IA","Grimes, IA",0,2,0,1,0,1,0,0,2,2,2002
21143,"Haverhill, IA","Story City, IA",1,1,0,0,2,0,2,0,0,2,2002
21100,"Haverhill, IA","Colo, IA",0,2,0,0,2,0,0,0,2,2,2002
21154,"Haverhill, IA","West Des Moines, IA",0,2,0,0,2,0,2,0,0,2,2002
21153,"Haverhill, IA","Webster, IA",1,1,0,2,0,0,0,1,1,2,2002
21096,"Haverhill, IA","Chariton, IA",1,1,0,0,0,2,1,1,0,2,2002
21097,"Haverhill, IA","Charles City, IA",2,0,0,0,0,2,1,1,0,2,2002
21149,"Haverhill, IA","Vinton, IA",0,2,0,0,1,1,0,2,0,2,2002
21102,"Haverhill, IA","Davenport, IA",1,1,0,0,1,1,1,0,1,2,2002
21105,"Haverhill, IA","Ferguson, IA",0,2,0,1,1,0,0,1,1,2,2002
21133,"Haverhill, IA","New London, IA",0,1,1,1,0,1,1,0,1,2,2002
21144,"Haverhill, IA","Swan, IA",0,1,0,0,0,1,0,1,0,1,2002
21150,"Haverhill, IA","Washington, IA",0,1,0,0,0,1,0,1,0,1,2002
21147,"Haverhill, IA","University Park, IA",1,0,0,0,0,1,1,0,0,1,2002
21152,"Haverhill, IA","Waukee, IA",0,1,0,0,1,0,0,0,1,1,2002
21146,"Haverhill, IA","Union, IA",0,1,0,1,0,0,0,1,0,1,2002
21141,"Haverhill, IA","Slater, IA",0,1,0,0,0,1,0,1,0,1,2002
21135,"Haverhill, IA","Norwalk, IA",0,1,0,0,0,1,1,0,0,1,2002
21084,"Haverhill, IA","Ackley, IA",0,1,0,0,0,1,1,0,0,1,2002
21132,"Haverhill, IA","New Hartford, IA",1,0,0,0,0,1,0,1,0,1,2002
21106,"Haverhill, IA","Fort Dodge, IA",0,1,0,0,0,1,0,1,0,1,2002
21090,"Haverhill, IA","Belmond, IA",0,1,0,1,0,0,0,1,0,1,2002
21091,"Haverhill, IA","Bondurant, IA",0,1,0,1,0,0,0,0,1,1,2002
21092,"Haverhill, IA","Brooklyn, IA",0,1,0,1,0,0,0,0,1,1,2002
21095,"Haverhill, IA","Center Point, IA",0,1,0,0,0,1,0,1,0,1,2002
21098,"Haverhill, IA","Clive, IA",0,1,0,0,0,1,0,0,1,1,2002
21099,"Haverhill, IA","Colfax, IA",0,1,0,0,0,1,0,1,0,1,2002
21101,"Haverhill, IA","Coralville, IA",0,1,0,0,0,1,0,0,1,1,2002
21104,"Haverhill, IA","Eldridge, IA",1,0,0,0,0,1,0,1,0,1,2002
21107,"Haverhill, IA","Gilbert, IA",1,0,0,0,1,0,1,0,0,1,2002
21131,"Haverhill, IA","New Hampton, IA",0,1,0,0,0,1,0,1,0,1,2002
21111,"Haverhill, IA","Harvey, IA",0,1,0,1,0,0,0,1,0,1,2002
21114,"Haverhill, IA","Hubbard, IA",0,1,0,0,0,1,0,1,0,1,2002
21115,"Haverhill, IA","Indianola, IA",0,1,0,0,1,0,0,1,0,1,2002
21119,"Haverhill, IA","Kellogg, IA",1,0,0,1,0,0,0,1,0,1,2002
21085,"Haverhill, IA","Allison, IA",0,1,0,0,1,0,1,0,0,1,2002
21123,"Haverhill, IA","Liscomb, IA",0,0,1,0,1,0,1,0,0,1,2002
21128,"Haverhill, IA","Mitchellville, IA",0,1,0,0,1,0,0,1,0,1,2002
21129,"Haverhill, IA","Muscatine, IA",0,1,0,0,1,0,0,1,0,1,2002
21120,"Haverhill, IA","Keota, IA",0,0,1,1,0,0,0,0,1,1,2002
