,home city,work city,Age [0-29],Age [30-54],Age [55+],Jobs: Goods Producing,Jobs: Other,"Jobs: Trade, Transport, Utilities","Salary, Monthly [0-1250]","Salary, Monthly [1251-3333]","Salary, Monthly [3334+]",total jobs,Year
12106,"Decorah, IA","Decorah, IA",966,2218,679,867,2379,617,1375,1788,700,3863,2002
12103,"Decorah, IA","Cresco, IA",59,161,36,154,80,22,64,173,19,256,2002
12173,"Decorah, IA","Postville, IA",44,98,23,147,14,4,24,123,18,165,2002
12127,"Decorah, IA","Fort Atkinson, IA",26,103,26,42,103,10,46,76,33,155,2002
12093,"Decorah, IA","Castalia, IA",31,95,26,54,77,21,50,72,30,152,2002
12199,"Decorah, IA","Waukon, IA",13,34,11,15,26,17,13,29,16,58,2002
12158,"Decorah, IA","Mason City, IA",16,25,11,12,18,22,21,16,15,52,2002
12108,"Decorah, IA","Des Moines, IA",10,21,11,1,36,5,16,13,13,42,2002
12081,"Decorah, IA","Ames, IA",18,17,2,3,26,8,17,16,4,37,2002
12197,"Decorah, IA","Waterloo, IA",15,19,3,2,25,10,16,16,5,37,2002
12204,"Decorah, IA","West Union, IA",1,31,2,9,19,6,6,20,8,34,2002
12102,"Decorah, IA","Council Bluffs, IA",12,15,1,17,4,7,6,19,3,28,2002
12131,"Decorah, IA","Garner, IA",3,18,2,7,13,3,7,14,2,23,2002
12177,"Decorah, IA","Ridgeway, IA",5,15,3,4,12,7,6,13,4,23,2002
12095,"Decorah, IA","Cedar Rapids, IA",6,15,1,2,8,12,6,9,7,22,2002
12174,"Decorah, IA","Protivin, IA",0,16,4,4,12,4,7,12,1,20,2002
12094,"Decorah, IA","Cedar Falls, IA",12,3,2,0,8,9,13,1,3,17,2002
12184,"Decorah, IA","Spencer, IA",1,14,2,1,4,12,4,13,0,17,2002
12152,"Decorah, IA","Luana, IA",2,10,5,12,4,1,5,10,2,17,2002
12117,"Decorah, IA","Elkader, IA",2,9,6,1,13,3,1,6,10,17,2002
12169,"Decorah, IA","Oelwein, IA",6,9,1,0,10,6,8,6,2,16,2002
12096,"Decorah, IA","Charles City, IA",6,7,2,0,10,5,8,4,3,15,2002
12200,"Decorah, IA","Waverly, IA",4,7,4,0,7,8,3,9,3,15,2002
12139,"Decorah, IA","Hiawatha, IA",7,6,2,0,7,8,11,2,2,15,2002
12109,"Decorah, IA","Dubuque, IA",7,5,1,0,7,6,8,4,1,13,2002
12089,"Decorah, IA","Britt, IA",2,7,3,0,12,0,6,6,0,12,2002
12088,"Decorah, IA","Bettendorf, IA",4,5,2,0,9,2,6,5,0,11,2002
12100,"Decorah, IA","Clive, IA",3,6,2,0,5,6,2,6,3,11,2002
12105,"Decorah, IA","Davenport, IA",4,5,2,2,6,3,6,4,1,11,2002
12128,"Decorah, IA","Fort Dodge, IA",4,6,0,0,4,6,3,5,2,10,2002
12193,"Decorah, IA","Vinton, IA",5,5,0,0,0,10,2,6,2,10,2002
12168,"Decorah, IA","Northwood, IA",7,2,0,3,5,1,6,3,0,9,2002
12171,"Decorah, IA","Ottumwa, IA",1,6,2,5,1,3,1,4,4,9,2002
12165,"Decorah, IA","New Hampton, IA",0,5,4,2,7,0,2,4,3,9,2002
12141,"Decorah, IA","Independence, IA",2,5,2,4,0,5,4,3,2,9,2002
12099,"Decorah, IA","Clear Lake, IA",4,2,1,3,3,1,3,2,2,7,2002
12160,"Decorah, IA","Monona, IA",1,2,3,0,6,0,0,2,4,6,2002
12161,"Decorah, IA","Monticello, IA",5,1,0,0,2,4,5,1,0,6,2002
12135,"Decorah, IA","Grinnell, IA",3,3,0,0,3,3,3,1,2,6,2002
12205,"Decorah, IA","Windsor Heights, IA",1,4,1,0,3,3,2,2,2,6,2002
12119,"Decorah, IA","Estherville, IA",0,3,2,2,3,0,2,1,2,5,2002
12120,"Decorah, IA","Evansdale, IA",2,1,2,0,0,5,3,1,1,5,2002
12198,"Decorah, IA","Waucoma, IA",0,3,2,0,0,5,0,3,2,5,2002
12087,"Decorah, IA","Belmond, IA",1,4,0,5,0,0,1,1,3,5,2002
12159,"Decorah, IA","McIntire, IA",2,2,1,0,5,0,1,3,1,5,2002
12185,"Decorah, IA","St. Lucas, IA",2,2,1,3,1,1,3,1,1,5,2002
12202,"Decorah, IA","Wellsburg, IA",0,4,0,3,1,0,0,3,1,4,2002
12150,"Decorah, IA","Lime Springs, IA",1,2,1,0,2,2,1,3,0,4,2002
12136,"Decorah, IA","Grundy Center, IA",0,3,1,0,2,2,1,1,2,4,2002
12154,"Decorah, IA","Manly, IA",0,3,1,0,1,3,2,2,0,4,2002
12192,"Decorah, IA","Urbandale, IA",2,2,0,1,2,1,1,1,2,4,2002
12175,"Decorah, IA","Randalia, IA",2,2,0,0,2,2,2,1,1,4,2002
12129,"Decorah, IA","Fredericksburg, IA",0,4,0,1,0,3,0,4,0,4,2002
12112,"Decorah, IA","Eagle Grove, IA",3,0,1,0,1,3,3,1,0,4,2002
12122,"Decorah, IA","Fairfax, IA",2,1,1,0,0,4,2,2,0,4,2002
12115,"Decorah, IA","Elgin, IA",0,4,0,0,0,4,1,1,2,4,2002
12155,"Decorah, IA","Marble Rock, IA",0,2,1,0,0,3,2,1,0,3,2002
12178,"Decorah, IA","Robins, IA",1,2,0,0,3,0,1,2,0,3,2002
12080,"Decorah, IA","Alta Vista, IA",0,1,2,3,0,0,2,1,0,3,2002
12164,"Decorah, IA","Nevada, IA",3,0,0,0,3,0,3,0,0,3,2002
12149,"Decorah, IA","Lawler, IA",0,2,1,2,0,1,0,2,1,3,2002
12144,"Decorah, IA","Johnston, IA",0,3,0,1,0,2,1,0,2,3,2002
12186,"Decorah, IA","Stanley, IA",3,0,0,0,3,0,3,0,0,3,2002
12079,"Decorah, IA","Algona, IA",0,3,0,1,2,0,1,2,0,3,2002
12104,"Decorah, IA","Crystal Lake, IA",0,0,3,0,0,3,3,0,0,3,2002
12097,"Decorah, IA","Clarion, IA",0,3,0,2,1,0,0,0,3,3,2002
12134,"Decorah, IA","Grimes, IA",0,3,0,1,1,1,1,1,1,3,2002
12142,"Decorah, IA","Indianola, IA",1,1,0,0,0,2,1,1,0,2,2002
12126,"Decorah, IA","Forest City, IA",1,1,0,0,2,0,1,1,0,2,2002
12179,"Decorah, IA","Royal, IA",0,2,0,0,2,0,2,0,0,2,2002
12183,"Decorah, IA","Sioux City, IA",1,1,0,1,0,1,0,0,2,2,2002
12110,"Decorah, IA","Dunkerton, IA",1,1,0,0,0,2,0,2,0,2,2002
12098,"Decorah, IA","Clarksville, IA",0,2,0,0,1,1,1,1,0,2,2002
12187,"Decorah, IA","Story City, IA",1,1,0,0,1,1,2,0,0,2,2002
12188,"Decorah, IA","Strawberry Point, IA",0,0,2,2,0,0,0,2,0,2,2002
12170,"Decorah, IA","Osage, IA",0,2,0,0,1,1,2,0,0,2,2002
12116,"Decorah, IA","Elk Run Heights, IA",0,2,0,1,1,0,1,0,1,2,2002
12181,"Decorah, IA","Sageville, IA",0,1,1,0,2,0,2,0,0,2,2002
12162,"Decorah, IA","Morley, IA",1,1,0,0,1,1,1,1,0,2,2002
12085,"Decorah, IA","Asbury, IA",0,0,2,0,0,2,1,1,0,2,2002
12153,"Decorah, IA","Manchester, IA",0,1,1,0,0,2,0,1,1,2,2002
12145,"Decorah, IA","Kensett, IA",2,0,0,0,0,2,1,1,0,2,2002
12086,"Decorah, IA","Balltown, IA",0,2,0,0,2,0,2,0,0,2,2002
12147,"Decorah, IA","Lake Mills, IA",0,1,1,0,2,0,0,2,0,2,2002
12138,"Decorah, IA","Hampton, IA",0,0,2,0,2,0,2,0,0,2,2002
12083,"Decorah, IA","Ankeny, IA",0,2,0,1,0,1,0,2,0,2,2002
12201,"Decorah, IA","Wellman, IA",1,1,0,0,2,0,1,1,0,2,2002
12157,"Decorah, IA","Martelle, IA",0,2,0,0,0,2,1,1,0,2,2002
12084,"Decorah, IA","Arnolds Park, IA",0,2,0,0,0,2,0,2,0,2,2002
12082,"Decorah, IA","Anamosa, IA",0,1,0,0,1,0,0,1,0,1,2002
12101,"Decorah, IA","Colwell, IA",0,1,0,1,0,0,1,0,0,1,2002
12203,"Decorah, IA","West Des Moines, IA",1,0,0,0,0,1,0,1,0,1,2002
12090,"Decorah, IA","Brooklyn, IA",0,1,0,1,0,0,0,1,0,1,2002
12189,"Decorah, IA","Thompson, IA",1,0,0,0,0,1,0,0,1,1,2002
12190,"Decorah, IA","Toledo, IA",0,1,0,0,1,0,0,0,1,1,2002
12191,"Decorah, IA","Urbana, IA",0,1,0,1,0,0,0,0,1,1,2002
12092,"Decorah, IA","Buffalo, IA",0,0,1,1,0,0,0,1,0,1,2002
12091,"Decorah, IA","Buffalo Center, IA",1,0,0,0,0,1,0,1,0,1,2002
12194,"Decorah, IA","Walcott, IA",0,1,0,0,0,1,0,0,1,1,2002
12195,"Decorah, IA","Wall Lake, IA",1,0,0,0,0,1,0,0,1,1,2002
12196,"Decorah, IA","Washington, IA",1,0,0,0,0,1,1,0,0,1,2002
12182,"Decorah, IA","Shell Rock, IA",0,0,1,0,0,1,0,1,0,1,2002
12143,"Decorah, IA","Iowa Falls, IA",0,1,0,0,0,1,0,1,0,1,2002
12180,"Decorah, IA","Sac City, IA",0,1,0,0,1,0,1,0,0,1,2002
12107,"Decorah, IA","Denver, IA",0,1,0,0,0,1,1,0,0,1,2002
12146,"Decorah, IA","Kiron, IA",0,0,1,0,0,1,0,0,1,1,2002
12148,"Decorah, IA","Lansing, IA",1,0,0,1,0,0,0,1,0,1,2002
12137,"Decorah, IA","Guttenberg, IA",1,0,0,0,0,1,1,0,0,1,2002
12151,"Decorah, IA","Lisbon, IA",1,0,0,0,1,0,1,0,0,1,2002
12133,"Decorah, IA","Gilman, IA",1,0,0,0,1,0,1,0,0,1,2002
12132,"Decorah, IA","Gilbert, IA",1,0,0,0,1,0,1,0,0,1,2002
12156,"Decorah, IA","Marquette, IA",1,0,0,0,0,1,1,0,0,1,2002
12130,"Decorah, IA","Garnavillo, IA",0,1,0,1,0,0,0,1,0,1,2002
12125,"Decorah, IA","Fayette, IA",0,1,0,0,1,0,0,1,0,1,2002
12124,"Decorah, IA","Farnhamville, IA",0,1,0,0,0,1,1,0,0,1,2002
12163,"Decorah, IA","Morrison, IA",0,1,0,0,0,1,0,0,1,1,2002
12123,"Decorah, IA","Farmersburg, IA",0,1,0,0,1,0,0,1,0,1,2002
12121,"Decorah, IA","Fairbank, IA",1,0,0,0,1,0,1,0,0,1,2002
12166,"Decorah, IA","New Hartford, IA",1,0,0,0,0,1,1,0,0,1,2002
12167,"Decorah, IA","New Vienna, IA",0,1,0,0,1,0,0,1,0,1,2002
12118,"Decorah, IA","Elma, IA",0,0,1,0,1,0,0,1,0,1,2002
12114,"Decorah, IA","Eldora, IA",0,1,0,0,1,0,0,1,0,1,2002
12172,"Decorah, IA","Polk City, IA",0,1,0,0,1,0,0,1,0,1,2002
12113,"Decorah, IA","Edgewood, IA",0,0,1,0,1,0,0,0,1,1,2002
12140,"Decorah, IA","Hubbard, IA",0,1,0,0,0,1,1,0,0,1,2002
12176,"Decorah, IA","Renwick, IA",0,1,0,1,0,0,0,1,0,1,2002
12111,"Decorah, IA","Dyersville, IA",1,0,0,0,0,1,1,0,0,1,2002
