,home city,work city,Age [0-29],Age [30-54],Age [55+],Jobs: Goods Producing,Jobs: Other,"Jobs: Trade, Transport, Utilities","Salary, Monthly [0-1250]","Salary, Monthly [1251-3333]","Salary, Monthly [3334+]",total jobs,Year
12986,"Dexter, IA","Des Moines, IA",44,168,31,31,178,34,28,104,111,243,2002
12976,"Dexter, IA","Clive, IA",33,83,13,3,104,22,28,58,43,129,2002
13044,"Dexter, IA","Winterset, IA",18,48,17,9,56,18,34,38,11,83,2002
13036,"Dexter, IA","Urbandale, IA",19,40,6,10,29,26,10,35,20,65,2002
13041,"Dexter, IA","West Des Moines, IA",12,39,9,27,23,10,7,25,28,60,2002
12987,"Dexter, IA","Dexter, IA",16,16,13,16,19,10,25,16,4,45,2002
13040,"Dexter, IA","Waukee, IA",9,24,6,13,14,12,10,15,14,39,2002
12984,"Dexter, IA","De Soto, IA",7,24,7,17,18,3,14,20,4,38,2002
13019,"Dexter, IA","Patterson, IA",5,22,8,11,18,6,16,17,2,35,2002
13043,"Dexter, IA","Windsor Heights, IA",9,18,6,4,19,10,8,14,11,33,2002
12965,"Dexter, IA","Ankeny, IA",4,21,1,4,9,13,6,10,10,26,2002
13025,"Dexter, IA","Redfield, IA",7,12,2,13,8,0,8,11,2,21,2002
12959,"Dexter, IA","Adel, IA",3,13,4,8,10,2,5,14,1,20,2002
12989,"Dexter, IA","East Peru, IA",8,10,2,5,11,4,9,9,2,20,2002
13001,"Dexter, IA","Johnston, IA",6,12,1,3,11,5,6,5,8,19,2002
12999,"Dexter, IA","Indianola, IA",4,7,2,0,7,6,6,4,3,13,2002
12962,"Dexter, IA","Allison, IA",4,6,1,0,11,0,4,3,4,11,2002
13013,"Dexter, IA","Norwalk, IA",2,7,1,0,9,1,4,3,3,10,2002
12964,"Dexter, IA","Ames, IA",2,5,3,1,4,5,4,3,3,10,2002
13022,"Dexter, IA","Pleasant Hill, IA",2,7,0,4,2,3,3,3,3,9,2002
12978,"Dexter, IA","Council Bluffs, IA",5,2,1,0,4,4,3,3,2,8,2002
12972,"Dexter, IA","Cedar Rapids, IA",4,3,0,0,1,6,3,0,4,7,2002
12981,"Dexter, IA","Creston, IA",2,3,1,0,2,4,3,3,0,6,2002
13031,"Dexter, IA","Spring Hill, IA",2,4,0,4,1,1,2,2,2,6,2002
13032,"Dexter, IA","St. Marys, IA",2,2,2,3,3,0,3,2,1,6,2002
13015,"Dexter, IA","Osceola, IA",3,3,0,2,4,0,3,2,1,6,2002
12968,"Dexter, IA","Boone, IA",4,2,0,0,5,1,3,3,0,6,2002
13023,"Dexter, IA","Polk City, IA",1,4,0,0,3,2,2,1,2,5,2002
13029,"Dexter, IA","Sioux City, IA",2,3,0,0,2,3,2,1,2,5,2002
13017,"Dexter, IA","Ottumwa, IA",1,4,0,0,2,3,2,1,2,5,2002
12994,"Dexter, IA","Grimes, IA",0,4,0,2,1,1,0,1,3,4,2002
13007,"Dexter, IA","Mason City, IA",4,0,0,0,1,3,3,0,1,4,2002
12963,"Dexter, IA","Altoona, IA",3,1,0,2,2,0,1,3,0,4,2002
13011,"Dexter, IA","Murray, IA",1,3,0,0,4,0,1,3,0,4,2002
12998,"Dexter, IA","Hiawatha, IA",1,2,0,0,1,2,1,1,1,3,2002
13008,"Dexter, IA","Minburn, IA",1,1,1,2,0,1,1,1,1,3,2002
13034,"Dexter, IA","Stuart, IA",2,0,1,1,2,0,3,0,0,3,2002
13027,"Dexter, IA","Sergeant Bluff, IA",1,1,1,1,0,2,1,2,0,3,2002
12992,"Dexter, IA","Fort Dodge, IA",1,2,0,0,0,3,2,0,1,3,2002
12996,"Dexter, IA","Guthrie Center, IA",0,0,3,0,3,0,2,1,0,3,2002
12970,"Dexter, IA","Casey, IA",1,0,2,1,1,1,3,0,0,3,2002
12971,"Dexter, IA","Cedar Falls, IA",0,1,2,0,1,2,0,2,1,3,2002
13021,"Dexter, IA","Perry, IA",0,2,1,2,0,1,0,2,1,3,2002
13006,"Dexter, IA","Marshalltown, IA",1,1,1,1,1,1,2,0,1,3,2002
13012,"Dexter, IA","Newton, IA",0,2,0,1,0,1,1,1,0,2,2002
12975,"Dexter, IA","Clarksville, IA",0,1,1,0,2,0,1,0,1,2,2002
13018,"Dexter, IA","Panora, IA",0,2,0,0,1,1,0,2,0,2,2002
13033,"Dexter, IA","Stanhope, IA",0,2,0,1,1,0,1,1,0,2,2002
13024,"Dexter, IA","Red Oak, IA",1,0,1,0,2,0,0,2,0,2,2002
12977,"Dexter, IA","Coralville, IA",0,0,2,0,0,2,0,0,2,2,2002
13004,"Dexter, IA","Macksburg, IA",0,0,2,0,2,0,1,0,1,2,2002
13039,"Dexter, IA","Waterloo, IA",1,1,0,0,1,1,0,1,1,2,2002
12982,"Dexter, IA","Dallas Center, IA",0,2,0,0,0,2,0,0,2,2,2002
12983,"Dexter, IA","Davenport, IA",1,1,0,0,2,0,0,0,2,2,2002
12985,"Dexter, IA","Denison, IA",2,0,0,0,0,2,2,0,0,2,2002
13003,"Dexter, IA","Lacona, IA",1,0,1,2,0,0,1,0,1,2,2002
12988,"Dexter, IA","Dubuque, IA",1,1,0,2,0,0,0,0,2,2,2002
12995,"Dexter, IA","Grinnell, IA",2,0,0,0,2,0,2,0,0,2,2002
13000,"Dexter, IA","Iowa City, IA",1,1,0,1,1,0,1,1,0,2,2002
13035,"Dexter, IA","Tiffin, IA",1,1,0,0,0,2,1,1,0,2,2002
13009,"Dexter, IA","Mitchellville, IA",1,1,0,0,2,0,1,1,0,2,2002
13038,"Dexter, IA","Walker, IA",0,1,0,0,0,1,0,0,1,1,2002
13030,"Dexter, IA","Slater, IA",0,1,0,0,1,0,0,1,0,1,2002
12961,"Dexter, IA","Alden, IA",0,1,0,1,0,0,0,1,0,1,2002
13037,"Dexter, IA","Van Meter, IA",0,1,0,1,0,0,0,1,0,1,2002
13028,"Dexter, IA","Sioux Center, IA",0,1,0,0,0,1,0,1,0,1,2002
13042,"Dexter, IA","Wilton, IA",0,1,0,0,0,1,0,0,1,1,2002
12960,"Dexter, IA","Afton, IA",0,1,0,1,0,0,0,1,0,1,2002
12973,"Dexter, IA","Chariton, IA",0,1,0,0,0,1,0,0,1,1,2002
13026,"Dexter, IA","Rock Rapids, IA",0,1,0,1,0,0,0,1,0,1,2002
13020,"Dexter, IA","Pella, IA",1,0,0,0,1,0,1,0,0,1,2002
12979,"Dexter, IA","Craig, IA",0,1,0,0,0,1,0,1,0,1,2002
12980,"Dexter, IA","Cresco, IA",0,0,1,1,0,0,0,1,0,1,2002
12969,"Dexter, IA","Boxholm, IA",0,1,0,0,0,1,0,0,1,1,2002
12990,"Dexter, IA","Eldridge, IA",0,1,0,0,1,0,0,1,0,1,2002
12991,"Dexter, IA","Elk Run Heights, IA",0,0,1,1,0,0,1,0,0,1,2002
12993,"Dexter, IA","Granger, IA",1,0,0,1,0,0,0,1,0,1,2002
12997,"Dexter, IA","Harlan, IA",0,1,0,0,0,1,0,0,1,1,2002
12967,"Dexter, IA","Bayard, IA",0,1,0,0,1,0,0,1,0,1,2002
13002,"Dexter, IA","Knoxville, IA",0,1,0,1,0,0,0,1,0,1,2002
13005,"Dexter, IA","Madrid, IA",1,0,0,0,1,0,1,0,0,1,2002
12974,"Dexter, IA","Charles City, IA",1,0,0,0,0,1,0,1,0,1,2002
13010,"Dexter, IA","Mount Pleasant, IA",1,0,0,0,0,1,1,0,0,1,2002
13014,"Dexter, IA","Onawa, IA",1,0,0,0,0,1,0,1,0,1,2002
13016,"Dexter, IA","Oskaloosa, IA",0,1,0,0,1,0,0,1,0,1,2002
12966,"Dexter, IA","Aurelia, IA",0,1,0,0,0,1,0,0,1,1,2002
12958,"Dexter, IA","Adair, IA",1,0,0,0,1,0,1,0,0,1,2002
