,home city,work city,Age [0-29],Age [30-54],Age [55+],Jobs: Goods Producing,Jobs: Other,"Jobs: Trade, Transport, Utilities","Salary, Monthly [0-1250]","Salary, Monthly [1251-3333]","Salary, Monthly [3334+]",total jobs,Year
11408,"Dakota City, IA","Humboldt, IA",115,255,75,115,235,95,159,192,94,445,2002
11393,"Dakota City, IA","Dakota City, IA",59,161,37,108,123,26,96,137,24,257,2002
11401,"Dakota City, IA","Fort Dodge, IA",55,125,12,50,110,32,51,105,36,192,2002
11402,"Dakota City, IA","Goldfield, IA",7,20,3,21,7,2,11,16,3,30,2002
11440,"Dakota City, IA","Webster City, IA",3,11,2,8,5,3,5,7,4,16,2002
11382,"Dakota City, IA","Algona, IA",4,7,4,4,2,9,2,10,3,15,2002
11383,"Dakota City, IA","Ames, IA",5,7,2,1,7,6,9,4,1,14,2002
11395,"Dakota City, IA","Des Moines, IA",1,9,1,1,6,4,4,3,4,11,2002
11386,"Dakota City, IA","Boone, IA",3,5,2,0,5,5,4,4,2,10,2002
11389,"Dakota City, IA","Clive, IA",6,3,1,0,6,4,7,2,1,10,2002
11405,"Dakota City, IA","Hardy, IA",5,2,1,4,3,1,6,2,0,8,2002
11432,"Dakota City, IA","Rutland, IA",5,1,1,3,2,2,1,2,4,7,2002
11388,"Dakota City, IA","Clarion, IA",0,6,1,5,2,0,0,6,1,7,2002
11426,"Dakota City, IA","Ottosen, IA",3,3,0,4,1,1,2,4,0,6,2002
11428,"Dakota City, IA","Pocahontas, IA",1,4,1,0,4,2,0,5,1,6,2002
11422,"Dakota City, IA","Newton, IA",3,2,1,1,0,5,0,6,0,6,2002
11416,"Dakota City, IA","Livermore, IA",4,2,0,4,1,1,2,2,2,6,2002
11407,"Dakota City, IA","Havelock, IA",1,4,0,5,0,0,0,5,0,5,2002
11399,"Dakota City, IA","Farnhamville, IA",0,3,2,0,4,1,3,2,0,5,2002
11441,"Dakota City, IA","West Des Moines, IA",0,3,2,1,2,2,1,3,1,5,2002
11418,"Dakota City, IA","Manson, IA",1,1,2,0,1,3,3,0,1,4,2002
11423,"Dakota City, IA","Norwalk, IA",1,2,1,0,3,1,1,3,0,4,2002
11410,"Dakota City, IA","Iowa Falls, IA",0,3,0,1,0,2,3,0,0,3,2002
11443,"Dakota City, IA","Williams, IA",2,1,0,2,0,1,1,1,1,3,2002
11414,"Dakota City, IA","Laurens, IA",0,3,0,3,0,0,0,3,0,3,2002
11397,"Dakota City, IA","Eagle Grove, IA",3,0,0,2,0,1,1,2,0,3,2002
11387,"Dakota City, IA","Cherokee, IA",0,3,0,3,0,0,0,3,0,3,2002
11424,"Dakota City, IA","Oskaloosa, IA",0,2,0,0,0,2,1,1,0,2,2002
11444,"Dakota City, IA","Windsor Heights, IA",1,1,0,0,0,2,1,0,1,2,2002
11384,"Dakota City, IA","Ankeny, IA",2,0,0,0,0,2,2,0,0,2,2002
11411,"Dakota City, IA","Jefferson, IA",1,1,0,0,0,2,1,1,0,2,2002
11391,"Dakota City, IA","Council Bluffs, IA",2,0,0,0,1,1,2,0,0,2,2002
11385,"Dakota City, IA","Aurelia, IA",1,0,1,0,2,0,1,1,0,2,2002
11415,"Dakota City, IA","Linden, IA",1,1,0,0,0,2,2,0,0,2,2002
11439,"Dakota City, IA","Urbandale, IA",2,0,0,1,0,1,1,1,0,2,2002
11417,"Dakota City, IA","Lorimor, IA",0,2,0,1,0,1,1,1,0,2,2002
11433,"Dakota City, IA","Sac City, IA",1,1,0,0,2,0,0,1,1,2,2002
11419,"Dakota City, IA","Mediapolis, IA",1,0,1,0,2,0,2,0,0,2,2002
11420,"Dakota City, IA","Muscatine, IA",0,2,0,2,0,0,0,0,2,2,2002
11434,"Dakota City, IA","Sioux Center, IA",0,1,0,0,1,0,1,0,0,1,2002
11435,"Dakota City, IA","Sioux City, IA",0,0,1,0,0,1,0,1,0,1,2002
11406,"Dakota City, IA","Harlan, IA",0,0,1,0,0,1,0,1,0,1,2002
11436,"Dakota City, IA","Titonka, IA",1,0,0,1,0,0,0,1,0,1,2002
11437,"Dakota City, IA","Toledo, IA",1,0,0,0,0,1,1,0,0,1,2002
11438,"Dakota City, IA","University Park, IA",0,0,1,0,1,0,0,1,0,1,2002
11431,"Dakota City, IA","Randall, IA",1,0,0,0,0,1,1,0,0,1,2002
11442,"Dakota City, IA","Whittemore, IA",0,1,0,0,1,0,1,0,0,1,2002
11390,"Dakota City, IA","Corwith, IA",1,0,0,0,0,1,0,1,0,1,2002
11392,"Dakota City, IA","Crystal Lake, IA",1,0,0,0,1,0,0,1,0,1,2002
11430,"Dakota City, IA","Pomeroy, IA",0,1,0,0,0,1,1,0,0,1,2002
11429,"Dakota City, IA","Polk City, IA",0,1,0,0,0,1,1,0,0,1,2002
11427,"Dakota City, IA","Pleasant Hill, IA",1,0,0,0,0,1,1,0,0,1,2002
11404,"Dakota City, IA","Grinnell, IA",1,0,0,0,1,0,1,0,0,1,2002
11425,"Dakota City, IA","Otho, IA",0,0,1,0,1,0,1,0,0,1,2002
11394,"Dakota City, IA","Dawson, IA",0,1,0,1,0,0,0,1,0,1,2002
11396,"Dakota City, IA","Duncombe, IA",1,0,0,1,0,0,0,1,0,1,2002
11421,"Dakota City, IA","Nevada, IA",1,0,0,0,0,1,1,0,0,1,2002
11398,"Dakota City, IA","Elk Horn, IA",0,0,1,0,1,0,0,1,0,1,2002
11400,"Dakota City, IA","Fonda, IA",0,1,0,0,0,1,1,0,0,1,2002
11413,"Dakota City, IA","Knierim, IA",0,1,0,0,1,0,0,1,0,1,2002
11412,"Dakota City, IA","Johnston, IA",1,0,0,0,1,0,1,0,0,1,2002
11403,"Dakota City, IA","Grimes, IA",1,0,0,0,0,1,1,0,0,1,2002
11409,"Dakota City, IA","Indianola, IA",0,1,0,0,1,0,1,0,0,1,2002
11445,"Dakota City, IA","Woolstock, IA",1,0,0,1,0,0,1,0,0,1,2002
