,home city,work city,Age [0-29],Age [30-54],Age [55+],Jobs: Goods Producing,Jobs: Other,"Jobs: Trade, Transport, Utilities","Salary, Monthly [0-1250]","Salary, Monthly [1251-3333]","Salary, Monthly [3334+]",total jobs,Year
33603,"Nashua, IA","Nashua, IA",16,60,31,7,71,29,61,30,16,107,2002
33558,"Nashua, IA","Charles City, IA",34,56,12,27,64,11,46,43,13,102,2002
33604,"Nashua, IA","New Hampton, IA",15,55,23,41,36,16,30,55,8,93,2002
33597,"Nashua, IA","Mason City, IA",21,48,10,23,43,13,23,47,9,79,2002
33627,"Nashua, IA","Waverly, IA",16,40,12,25,38,5,15,35,18,68,2002
33596,"Nashua, IA","Marble Rock, IA",8,29,5,20,21,1,5,30,7,42,2002
33556,"Nashua, IA","Cedar Falls, IA",18,13,3,5,22,7,17,15,2,34,2002
33581,"Nashua, IA","Fredericksburg, IA",6,15,9,23,4,3,8,19,3,30,2002
33616,"Nashua, IA","Rockford, IA",7,18,3,7,16,5,15,12,1,28,2002
33605,"Nashua, IA","Nora Springs, IA",5,16,7,5,20,3,8,8,12,28,2002
33626,"Nashua, IA","Waterloo, IA",8,9,2,7,8,4,11,5,3,19,2002
33610,"Nashua, IA","Plainfield, IA",3,7,7,0,17,0,10,5,2,17,2002
33566,"Nashua, IA","Crystal Lake, IA",2,6,6,7,0,7,7,7,0,14,2002
33571,"Nashua, IA","Des Moines, IA",3,6,4,0,11,2,3,5,5,13,2002
33557,"Nashua, IA","Cedar Rapids, IA",4,6,0,0,6,4,3,2,5,10,2002
33570,"Nashua, IA","Denver, IA",2,4,1,5,2,0,4,2,1,7,2002
33549,"Nashua, IA","Ames, IA",6,1,0,1,5,1,4,2,1,7,2002
33609,"Nashua, IA","Parkersburg, IA",0,6,1,1,6,0,5,2,0,7,2002
33548,"Nashua, IA","Allison, IA",3,3,1,0,6,1,4,1,2,7,2002
33578,"Nashua, IA","Floyd, IA",2,1,3,1,3,2,3,1,2,6,2002
33572,"Nashua, IA","Dubuque, IA",0,2,4,1,4,1,2,2,2,6,2002
33589,"Nashua, IA","Ionia, IA",3,1,1,0,0,5,4,1,0,5,2002
33563,"Nashua, IA","Council Bluffs, IA",3,0,2,2,1,2,3,2,0,5,2002
33582,"Nashua, IA","Garner, IA",2,2,0,3,1,0,0,4,0,4,2002
33561,"Nashua, IA","Clive, IA",1,2,1,0,1,3,3,0,1,4,2002
33574,"Nashua, IA","Elk Run Heights, IA",1,2,1,4,0,0,0,1,3,4,2002
33559,"Nashua, IA","Clarksville, IA",0,1,3,1,2,1,3,0,1,4,2002
33607,"Nashua, IA","Osage, IA",0,4,0,4,0,0,0,4,0,4,2002
33592,"Nashua, IA","Johnston, IA",0,3,0,0,0,3,2,0,1,3,2002
33591,"Nashua, IA","Janesville, IA",3,0,0,3,0,0,0,3,0,3,2002
33590,"Nashua, IA","Iowa Falls, IA",0,2,1,0,1,2,1,1,1,3,2002
33560,"Nashua, IA","Clear Lake, IA",1,2,0,1,2,0,0,2,1,3,2002
33586,"Nashua, IA","Hiawatha, IA",2,1,0,0,2,1,2,0,1,3,2002
33585,"Nashua, IA","Hampton, IA",2,1,0,1,2,0,1,2,0,3,2002
33569,"Nashua, IA","Delaware, IA",1,2,0,0,1,2,3,0,0,3,2002
33613,"Nashua, IA","Readlyn, IA",0,3,0,1,2,0,1,2,0,3,2002
33580,"Nashua, IA","Fort Dodge, IA",0,2,1,2,1,0,0,3,0,3,2002
33552,"Nashua, IA","Bettendorf, IA",0,1,2,0,0,3,2,1,0,3,2002
33619,"Nashua, IA","Sheffield, IA",0,1,2,1,2,0,2,1,0,3,2002
33606,"Nashua, IA","Oelwein, IA",0,2,0,0,2,0,0,2,0,2,2002
33621,"Nashua, IA","Sioux City, IA",1,1,0,0,1,1,1,1,0,2,2002
33624,"Nashua, IA","Urbandale, IA",1,1,0,0,2,0,1,1,0,2,2002
33551,"Nashua, IA","Belmond, IA",1,0,1,1,1,0,0,2,0,2,2002
33628,"Nashua, IA","Webster City, IA",2,0,0,0,2,0,2,0,0,2,2002
33629,"Nashua, IA","West Union, IA",0,2,0,2,0,0,0,2,0,2,2002
33568,"Nashua, IA","Decorah, IA",0,2,0,0,2,0,0,2,0,2,2002
33599,"Nashua, IA","Mechanicsville, IA",1,1,0,0,1,1,0,2,0,2,2002
33630,"Nashua, IA","Windsor Heights, IA",2,0,0,1,0,1,1,1,0,2,2002
33564,"Nashua, IA","Cresco, IA",0,2,0,2,0,0,0,2,0,2,2002
33587,"Nashua, IA","Independence, IA",0,2,0,0,0,2,0,2,0,2,2002
33622,"Nashua, IA","St. Ansgar, IA",0,1,0,1,0,0,0,1,0,1,2002
33579,"Nashua, IA","Forest City, IA",0,1,0,0,1,0,0,1,0,1,2002
33617,"Nashua, IA","Rockwell, IA",0,1,0,0,1,0,0,1,0,1,2002
33618,"Nashua, IA","Rutland, IA",0,1,0,1,0,0,0,1,0,1,2002
33565,"Nashua, IA","Cromwell, IA",0,1,0,0,0,1,0,0,1,1,2002
33620,"Nashua, IA","Shell Rock, IA",1,0,0,1,0,0,0,1,0,1,2002
33577,"Nashua, IA","Fayette, IA",0,1,0,1,0,0,0,1,0,1,2002
33623,"Nashua, IA","Tipton, IA",1,0,0,0,0,1,1,0,0,1,2002
33614,"Nashua, IA","Renwick, IA",1,0,0,0,1,0,1,0,0,1,2002
33576,"Nashua, IA","Evansdale, IA",1,0,0,0,0,1,1,0,0,1,2002
33625,"Nashua, IA","Wall Lake, IA",0,0,1,0,0,1,0,1,0,1,2002
33575,"Nashua, IA","Elkader, IA",0,1,0,0,0,1,0,0,1,1,2002
33550,"Nashua, IA","Ankeny, IA",1,0,0,0,1,0,1,0,0,1,2002
33573,"Nashua, IA","Eldora, IA",0,0,1,0,0,1,0,1,0,1,2002
33567,"Nashua, IA","Davenport, IA",0,0,1,0,1,0,0,1,0,1,2002
33615,"Nashua, IA","Robins, IA",1,0,0,0,1,0,0,1,0,1,2002
33562,"Nashua, IA","Colwell, IA",1,0,0,0,0,1,1,0,0,1,2002
33595,"Nashua, IA","Manchester, IA",1,0,0,0,0,1,1,0,0,1,2002
33612,"Nashua, IA","Raymond, IA",1,0,0,0,1,0,1,0,0,1,2002
33611,"Nashua, IA","Plymouth, IA",0,1,0,0,0,1,0,1,0,1,2002
33553,"Nashua, IA","Bristow, IA",1,0,0,0,1,0,1,0,0,1,2002
33554,"Nashua, IA","Britt, IA",0,0,1,0,0,1,0,1,0,1,2002
33608,"Nashua, IA","Ottumwa, IA",0,1,0,0,0,1,0,1,0,1,2002
33583,"Nashua, IA","Greeley, IA",0,1,0,0,1,0,1,0,0,1,2002
33584,"Nashua, IA","Grimes, IA",1,0,0,0,0,1,1,0,0,1,2002
33555,"Nashua, IA","Castalia, IA",0,0,1,0,0,1,1,0,0,1,2002
33588,"Nashua, IA","Indianola, IA",0,0,1,0,0,1,1,0,0,1,2002
33602,"Nashua, IA","Morrison, IA",0,0,1,0,0,1,0,1,0,1,2002
33601,"Nashua, IA","Monticello, IA",1,0,0,0,0,1,1,0,0,1,2002
33593,"Nashua, IA","Lake Mills, IA",0,1,0,0,1,0,0,1,0,1,2002
33594,"Nashua, IA","Lawler, IA",0,0,1,0,1,0,1,0,0,1,2002
33598,"Nashua, IA","McIntire, IA",0,1,0,1,0,0,0,1,0,1,2002
33600,"Nashua, IA","Montezuma, IA",1,0,0,0,0,1,1,0,0,1,2002
