,home city,work city,Age [0-29],Age [30-54],Age [55+],Jobs: Goods Producing,Jobs: Other,"Jobs: Trade, Transport, Utilities","Salary, Monthly [0-1250]","Salary, Monthly [1251-3333]","Salary, Monthly [3334+]",total jobs,Year
24466,"Kinross, IA","Washington, IA",32,54,27,41,57,15,44,60,9,113,2002
24424,"Kinross, IA","Iowa City, IA",21,52,4,14,56,7,22,38,17,77,2002
24471,"Kinross, IA","Wellman, IA",13,20,11,7,28,9,23,16,5,44,2002
24425,"Kinross, IA","Kalona, IA",8,27,6,11,21,9,18,18,5,41,2002
24473,"Kinross, IA","West Chester, IA",3,11,5,1,10,8,8,8,3,19,2002
24434,"Kinross, IA","Mason City, IA",3,12,2,0,16,1,9,3,5,17,2002
24461,"Kinross, IA","University Heights, IA",3,14,0,0,17,0,2,12,3,17,2002
24417,"Kinross, IA","Fairfield, IA",2,11,2,4,8,3,7,7,1,15,2002
24404,"Kinross, IA","Cedar Rapids, IA",4,7,2,2,8,3,5,7,1,13,2002
24438,"Kinross, IA","Mount Pleasant, IA",2,8,2,6,3,3,2,10,0,12,2002
24451,"Kinross, IA","Pleasant Plain, IA",3,4,5,5,4,3,3,5,4,12,2002
24454,"Kinross, IA","Riverside, IA",6,6,0,7,3,2,2,8,2,12,2002
24413,"Kinross, IA","Dubuque, IA",2,9,1,0,12,0,7,2,3,12,2002
24446,"Kinross, IA","Ottumwa, IA",0,6,0,1,1,4,1,5,0,6,2002
24459,"Kinross, IA","Tiffin, IA",3,2,1,0,0,6,1,5,0,6,2002
24407,"Kinross, IA","Coralville, IA",4,1,1,0,3,3,2,3,1,6,2002
24401,"Kinross, IA","Brighton, IA",2,2,2,0,1,5,4,2,0,6,2002
24474,"Kinross, IA","Williamsburg, IA",1,3,1,2,2,1,2,2,1,5,2002
24441,"Kinross, IA","North Liberty, IA",3,1,0,1,3,0,2,2,0,4,2002
24439,"Kinross, IA","Mount Union, IA",0,4,0,0,1,3,0,2,2,4,2002
24403,"Kinross, IA","Cedar Falls, IA",2,1,1,0,4,0,2,2,0,4,2002
24426,"Kinross, IA","Keota, IA",1,2,1,1,2,1,3,0,1,4,2002
24423,"Kinross, IA","Hiawatha, IA",2,2,0,0,4,0,1,1,2,4,2002
24442,"Kinross, IA","Norwalk, IA",3,0,0,0,1,2,1,2,0,3,2002
24412,"Kinross, IA","Des Moines, IA",1,0,2,0,3,0,2,0,1,3,2002
24420,"Kinross, IA","Garwin, IA",0,2,1,2,0,1,1,2,0,3,2002
24445,"Kinross, IA","Oskaloosa, IA",0,2,1,1,2,0,1,1,1,3,2002
24476,"Kinross, IA","Winfield, IA",0,2,1,1,2,0,0,3,0,3,2002
24443,"Kinross, IA","Oelwein, IA",0,2,0,2,0,0,1,1,0,2,2002
24455,"Kinross, IA","Robins, IA",0,2,0,0,2,0,0,0,2,2,2002
24444,"Kinross, IA","Ogden, IA",1,0,1,0,1,1,2,0,0,2,2002
24447,"Kinross, IA","Oxford, IA",0,0,2,2,0,0,0,2,0,2,2002
24458,"Kinross, IA","South English, IA",0,2,0,0,0,2,0,0,2,2,2002
24460,"Kinross, IA","Tipton, IA",1,0,1,0,2,0,2,0,0,2,2002
24463,"Kinross, IA","Vinton, IA",0,1,1,0,1,1,0,2,0,2,2002
24470,"Kinross, IA","Webster, IA",0,2,0,1,0,1,1,1,0,2,2002
24435,"Kinross, IA","Montezuma, IA",2,0,0,0,2,0,2,0,0,2,2002
24436,"Kinross, IA","Morley, IA",1,0,1,0,0,2,1,1,0,2,2002
24410,"Kinross, IA","Davenport, IA",0,2,0,0,1,1,1,0,1,2,2002
24409,"Kinross, IA","Cresco, IA",0,2,0,2,0,0,0,2,0,2,2002
24415,"Kinross, IA","Ely, IA",0,0,2,0,2,0,2,0,0,2,2002
24431,"Kinross, IA","Manchester, IA",0,2,0,1,0,1,0,2,0,2,2002
24408,"Kinross, IA","Crawfordsville, IA",0,2,0,0,0,2,0,1,1,2,2002
24406,"Kinross, IA","Clinton, IA",0,1,1,1,1,0,0,1,1,2,2002
24402,"Kinross, IA","Buffalo, IA",0,2,0,0,0,2,2,0,0,2,2002
24427,"Kinross, IA","Kinross, IA",2,0,0,1,0,1,2,0,0,2,2002
24419,"Kinross, IA","Fruitland, IA",0,2,0,0,0,2,0,2,0,2,2002
24405,"Kinross, IA","Clarion, IA",1,0,0,1,0,0,0,1,0,1,2002
24462,"Kinross, IA","Victor, IA",0,1,0,1,0,0,0,1,0,1,2002
24464,"Kinross, IA","Walford, IA",0,1,0,0,0,1,1,0,0,1,2002
24465,"Kinross, IA","Wapello, IA",0,1,0,0,0,1,0,1,0,1,2002
24433,"Kinross, IA","Marshalltown, IA",0,1,0,0,0,1,1,0,0,1,2002
24467,"Kinross, IA","Waterloo, IA",1,0,0,0,1,0,0,1,0,1,2002
24411,"Kinross, IA","Denver, IA",0,1,0,0,0,1,0,0,1,1,2002
24469,"Kinross, IA","Wayland, IA",0,1,0,1,0,0,0,1,0,1,2002
24400,"Kinross, IA","Bloomfield, IA",0,1,0,0,1,0,1,0,0,1,2002
24472,"Kinross, IA","Wellsburg, IA",1,0,0,1,0,0,1,0,0,1,2002
24399,"Kinross, IA","Bettendorf, IA",0,0,1,0,0,1,1,0,0,1,2002
24398,"Kinross, IA","Asbury, IA",1,0,0,0,1,0,1,0,0,1,2002
24475,"Kinross, IA","Windsor Heights, IA",0,1,0,0,0,1,0,1,0,1,2002
24468,"Kinross, IA","Waverly, IA",1,0,0,0,1,0,1,0,0,1,2002
24414,"Kinross, IA","Elk Run Heights, IA",0,1,0,1,0,0,0,0,1,1,2002
24457,"Kinross, IA","Sageville, IA",1,0,0,0,1,0,1,0,0,1,2002
24421,"Kinross, IA","Goldfield, IA",1,0,0,0,0,1,0,1,0,1,2002
24397,"Kinross, IA","Ames, IA",1,0,0,0,1,0,1,0,0,1,2002
24437,"Kinross, IA","Morrison, IA",0,0,1,1,0,0,0,1,0,1,2002
24430,"Kinross, IA","Luana, IA",1,0,0,1,0,0,0,1,0,1,2002
24440,"Kinross, IA","New London, IA",0,0,1,0,0,1,0,1,0,1,2002
24429,"Kinross, IA","Lisbon, IA",0,1,0,1,0,0,0,1,0,1,2002
24428,"Kinross, IA","Kirkville, IA",0,1,0,0,0,1,0,1,0,1,2002
24422,"Kinross, IA","Hedrick, IA",0,1,0,0,1,0,0,1,0,1,2002
24418,"Kinross, IA","Fort Dodge, IA",0,1,0,0,0,1,1,0,0,1,2002
24456,"Kinross, IA","Rockford, IA",0,1,0,0,0,1,0,1,0,1,2002
24448,"Kinross, IA","Packwood, IA",0,1,0,0,1,0,1,0,0,1,2002
24449,"Kinross, IA","Pella, IA",0,1,0,0,0,1,0,1,0,1,2002
24450,"Kinross, IA","Pleasant Hill, IA",0,1,0,0,0,1,0,1,0,1,2002
24416,"Kinross, IA","Fairfax, IA",1,0,0,0,0,1,1,0,0,1,2002
24452,"Kinross, IA","Postville, IA",1,0,0,1,0,0,1,0,0,1,2002
24453,"Kinross, IA","Richland, IA",1,0,0,1,0,0,1,0,0,1,2002
24432,"Kinross, IA","Maquoketa, IA",0,0,1,0,0,1,0,0,1,1,2002
24396,"Kinross, IA","Ainsworth, IA",1,0,0,1,0,0,0,1,0,1,2002
