,home city,work city,Age [0-29],Age [30-54],Age [55+],Jobs: Goods Producing,Jobs: Other,"Jobs: Trade, Transport, Utilities","Salary, Monthly [0-1250]","Salary, Monthly [1251-3333]","Salary, Monthly [3334+]",total jobs,Year
34320,"New Sharon, IA","Pella, IA",104,158,77,80,236,23,166,137,36,339,2002
34310,"New Sharon, IA","New Sharon, IA",63,145,60,106,130,32,99,114,55,268,2002
34282,"New Sharon, IA","Harvey, IA",28,163,30,207,3,11,27,138,56,221,2002
34280,"New Sharon, IA","Grinnell, IA",60,108,27,44,122,29,69,98,28,195,2002
34318,"New Sharon, IA","Oskaloosa, IA",42,90,19,42,83,26,56,65,30,151,2002
34302,"New Sharon, IA","Melcher-Dallas, IA",22,108,12,137,4,1,5,111,26,142,2002
34295,"New Sharon, IA","Lynnville, IA",19,77,5,7,59,35,20,73,8,101,2002
34304,"New Sharon, IA","Montezuma, IA",23,60,10,35,30,28,30,53,10,93,2002
34311,"New Sharon, IA","Newton, IA",6,63,6,33,34,8,9,33,33,75,2002
34278,"New Sharon, IA","Gilman, IA",14,47,8,40,21,8,11,53,5,69,2002
34335,"New Sharon, IA","University Park, IA",17,42,9,15,47,6,29,34,5,68,2002
34266,"New Sharon, IA","Des Moines, IA",17,24,13,2,35,17,21,24,9,54,2002
34242,"New Sharon, IA","Ames, IA",13,14,2,11,10,8,11,8,10,29,2002
34281,"New Sharon, IA","Guernsey, IA",3,20,4,12,7,8,6,19,2,27,2002
34319,"New Sharon, IA","Ottumwa, IA",7,10,3,0,19,1,11,9,0,20,2002
34323,"New Sharon, IA","Pleasantville, IA",4,10,2,1,12,3,7,7,2,16,2002
34252,"New Sharon, IA","Bussey, IA",2,11,3,15,0,1,5,6,5,16,2002
34256,"New Sharon, IA","Clive, IA",3,5,7,1,9,5,4,6,5,15,2002
34299,"New Sharon, IA","Marshalltown, IA",7,5,2,1,6,7,8,3,3,14,2002
34243,"New Sharon, IA","Ankeny, IA",3,2,6,0,5,6,8,0,3,11,2002
34291,"New Sharon, IA","Knoxville, IA",1,8,1,0,4,6,4,6,0,10,2002
34336,"New Sharon, IA","Urbandale, IA",5,2,2,0,6,3,4,4,1,9,2002
34285,"New Sharon, IA","Indianola, IA",5,3,1,0,5,4,6,3,0,9,2002
34340,"New Sharon, IA","Waterloo, IA",3,3,2,2,2,4,3,1,4,8,2002
34306,"New Sharon, IA","Mount Pleasant, IA",2,3,2,1,2,4,3,1,3,7,2002
34348,"New Sharon, IA","Windsor Heights, IA",5,2,0,0,4,3,4,3,0,7,2002
34251,"New Sharon, IA","Brooklyn, IA",1,3,2,4,1,1,0,2,4,6,2002
34346,"New Sharon, IA","West Union, IA",0,4,2,1,2,3,2,3,1,6,2002
34287,"New Sharon, IA","Johnston, IA",1,4,0,0,0,5,1,0,4,5,2002
34286,"New Sharon, IA","Iowa City, IA",3,2,0,1,3,1,3,1,1,5,2002
34257,"New Sharon, IA","Colfax, IA",5,0,0,5,0,0,4,1,0,5,2002
34337,"New Sharon, IA","Victor, IA",4,0,1,5,0,0,0,4,1,5,2002
34293,"New Sharon, IA","Lamoni, IA",4,1,0,1,3,1,4,0,1,5,2002
34259,"New Sharon, IA","Corning, IA",0,2,3,2,3,0,0,5,0,5,2002
34255,"New Sharon, IA","Chariton, IA",2,3,0,0,2,3,3,2,0,5,2002
34292,"New Sharon, IA","Lambs Grove, IA",2,1,1,0,4,0,1,3,0,4,2002
34303,"New Sharon, IA","Monroe, IA",1,3,0,0,3,1,2,1,1,4,2002
34330,"New Sharon, IA","Story City, IA",0,4,0,4,0,0,1,3,0,4,2002
34264,"New Sharon, IA","Davenport, IA",3,1,0,0,1,3,1,3,0,4,2002
34334,"New Sharon, IA","Toledo, IA",0,2,2,0,3,1,0,4,0,4,2002
34288,"New Sharon, IA","Kellogg, IA",0,3,0,3,0,0,1,0,2,3,2002
34254,"New Sharon, IA","Cedar Rapids, IA",1,2,0,1,2,0,1,1,1,3,2002
34241,"New Sharon, IA","Altoona, IA",0,1,2,1,2,0,0,2,1,3,2002
34246,"New Sharon, IA","Bettendorf, IA",1,2,0,0,2,1,1,2,0,3,2002
34261,"New Sharon, IA","Council Bluffs, IA",0,0,3,1,0,2,0,3,0,3,2002
34262,"New Sharon, IA","Creston, IA",1,2,0,0,1,2,2,1,0,3,2002
34314,"New Sharon, IA","Norwalk, IA",1,2,0,0,2,1,1,0,2,3,2002
34267,"New Sharon, IA","Eddyville, IA",0,3,0,0,3,0,0,1,2,3,2002
34275,"New Sharon, IA","Fremont, IA",0,2,1,0,0,3,2,1,0,3,2002
34325,"New Sharon, IA","Reasnor, IA",0,3,0,0,3,0,3,0,0,3,2002
34270,"New Sharon, IA","Elk Run Heights, IA",0,3,0,3,0,0,0,0,3,3,2002
34284,"New Sharon, IA","Hiawatha, IA",1,2,0,0,3,0,1,0,2,3,2002
34321,"New Sharon, IA","Pleasant Hill, IA",0,1,2,0,2,1,0,1,2,3,2002
34272,"New Sharon, IA","Fairfield, IA",0,1,2,0,2,1,0,3,0,3,2002
34273,"New Sharon, IA","Fort Atkinson, IA",0,1,2,0,2,1,1,2,0,3,2002
34274,"New Sharon, IA","Fort Dodge, IA",0,2,1,0,2,1,1,0,2,3,2002
34345,"New Sharon, IA","West Des Moines, IA",1,2,0,1,2,0,0,0,3,3,2002
34317,"New Sharon, IA","Osceola, IA",0,0,2,0,2,0,2,0,0,2,2002
34328,"New Sharon, IA","Sergeant Bluff, IA",1,1,0,0,1,1,1,1,0,2,2002
34332,"New Sharon, IA","Tama, IA",2,0,0,0,0,2,0,2,0,2,2002
34326,"New Sharon, IA","Riverside, IA",0,2,0,2,0,0,0,2,0,2,2002
34331,"New Sharon, IA","Swan, IA",1,1,0,2,0,0,0,2,0,2,2002
34238,"New Sharon, IA","Albia, IA",0,1,1,0,1,1,2,0,0,2,2002
34265,"New Sharon, IA","Decorah, IA",0,0,2,0,0,2,1,1,0,2,2002
34260,"New Sharon, IA","Corydon, IA",0,1,1,0,2,0,2,0,0,2,2002
34239,"New Sharon, IA","Alden, IA",1,1,0,2,0,0,0,0,2,2,2002
34338,"New Sharon, IA","Vining, IA",0,2,0,0,0,2,0,1,1,2,2002
34240,"New Sharon, IA","Allison, IA",0,0,2,0,2,0,0,0,2,2,2002
34279,"New Sharon, IA","Grimes, IA",0,2,0,1,1,0,0,0,2,2,2002
34244,"New Sharon, IA","Belle Plaine, IA",0,0,2,0,0,2,2,0,0,2,2002
34347,"New Sharon, IA","Williamsburg, IA",0,2,0,2,0,0,0,0,2,2,2002
34269,"New Sharon, IA","Eldridge, IA",0,2,0,1,0,1,0,0,2,2,2002
34249,"New Sharon, IA","Boone, IA",2,0,0,0,0,2,2,0,0,2,2002
34296,"New Sharon, IA","Malcom, IA",0,2,0,0,2,0,2,0,0,2,2002
34253,"New Sharon, IA","Cedar Falls, IA",1,1,0,0,0,2,1,1,0,2,2002
34344,"New Sharon, IA","West Chester, IA",0,1,1,1,0,1,1,0,1,2,2002
34349,"New Sharon, IA","Winfield, IA",0,0,1,0,0,1,0,0,1,1,2002
34333,"New Sharon, IA","Tiffin, IA",0,1,0,0,0,1,0,1,0,1,2002
34327,"New Sharon, IA","Robins, IA",1,0,0,0,1,0,0,1,0,1,2002
34343,"New Sharon, IA","Wellman, IA",0,0,1,0,1,0,1,0,0,1,2002
34329,"New Sharon, IA","Sioux City, IA",1,0,0,1,0,0,0,1,0,1,2002
34342,"New Sharon, IA","Webster, IA",0,1,0,0,0,1,0,0,1,1,2002
34341,"New Sharon, IA","Waukee, IA",0,0,1,0,0,1,0,1,0,1,2002
34339,"New Sharon, IA","Washington, IA",1,0,0,0,0,1,1,0,0,1,2002
34324,"New Sharon, IA","Prairie City, IA",0,1,0,1,0,0,0,1,0,1,2002
34294,"New Sharon, IA","Liscomb, IA",1,0,0,1,0,0,0,1,0,1,2002
34322,"New Sharon, IA","Pleasant Plain, IA",0,0,1,0,0,1,0,0,1,1,2002
34289,"New Sharon, IA","Keota, IA",0,0,1,0,1,0,1,0,0,1,2002
34245,"New Sharon, IA","Bertram, IA",1,0,0,0,1,0,0,1,0,1,2002
34247,"New Sharon, IA","Blairstown, IA",0,1,0,1,0,0,0,1,0,1,2002
34248,"New Sharon, IA","Blakesburg, IA",0,1,0,0,1,0,0,0,1,1,2002
34250,"New Sharon, IA","Brighton, IA",0,1,0,0,0,1,1,0,0,1,2002
34258,"New Sharon, IA","Coralville, IA",1,0,0,0,1,0,0,1,0,1,2002
34263,"New Sharon, IA","Danville, IA",0,1,0,0,0,1,0,1,0,1,2002
34268,"New Sharon, IA","Elberon, IA",0,1,0,1,0,0,1,0,0,1,2002
34271,"New Sharon, IA","Ellsworth, IA",1,0,0,1,0,0,1,0,0,1,2002
34276,"New Sharon, IA","Gibson, IA",0,1,0,0,0,1,0,0,1,1,2002
34277,"New Sharon, IA","Gilbert, IA",0,1,0,1,0,0,0,1,0,1,2002
34283,"New Sharon, IA","Hedrick, IA",0,1,0,0,0,1,1,0,0,1,2002
34290,"New Sharon, IA","Kirkville, IA",0,0,1,1,0,0,0,0,1,1,2002
34316,"New Sharon, IA","Oelwein, IA",0,1,0,0,1,0,0,1,0,1,2002
34297,"New Sharon, IA","Manly, IA",0,1,0,0,1,0,0,1,0,1,2002
34298,"New Sharon, IA","Marengo, IA",0,1,0,0,1,0,0,1,0,1,2002
34300,"New Sharon, IA","Marysville, IA",1,0,0,0,1,0,0,1,0,1,2002
34301,"New Sharon, IA","Mason City, IA",0,1,0,0,0,1,0,0,1,1,2002
34305,"New Sharon, IA","Montour, IA",0,1,0,0,1,0,0,1,0,1,2002
34307,"New Sharon, IA","Mount Union, IA",0,0,1,0,0,1,0,0,1,1,2002
34308,"New Sharon, IA","Muscatine, IA",1,0,0,1,0,0,0,1,0,1,2002
34309,"New Sharon, IA","New London, IA",0,1,0,0,1,0,1,0,0,1,2002
34312,"New Sharon, IA","North English, IA",0,0,1,0,1,0,1,0,0,1,2002
34313,"New Sharon, IA","North Liberty, IA",1,0,0,0,0,1,1,0,0,1,2002
34315,"New Sharon, IA","Norway, IA",0,1,0,1,0,0,0,1,0,1,2002
34350,"New Sharon, IA","Winterset, IA",1,0,0,0,0,1,1,0,0,1,2002
