,home city,work city,Age [0-29],Age [30-54],Age [55+],Jobs: Goods Producing,Jobs: Other,"Jobs: Trade, Transport, Utilities","Salary, Monthly [0-1250]","Salary, Monthly [1251-3333]","Salary, Monthly [3334+]",total jobs,Year
10367,"Corydon, IA","Corydon, IA",44,158,51,40,175,38,116,111,26,253,2002
10364,"Corydon, IA","Clio, IA",5,49,16,58,6,6,7,46,17,70,2002
10359,"Corydon, IA","Chariton, IA",6,26,3,4,18,13,10,16,9,35,2002
10358,"Corydon, IA","Centerville, IA",8,24,1,11,14,8,7,25,1,33,2002
10370,"Corydon, IA","Des Moines, IA",10,8,1,2,12,5,8,6,5,19,2002
10430,"Corydon, IA","Seymour, IA",1,14,3,8,5,5,7,11,0,18,2002
10388,"Corydon, IA","Iowa City, IA",0,11,2,0,13,0,0,0,13,13,2002
10394,"Corydon, IA","Leon, IA",2,11,0,1,12,0,1,8,4,13,2002
10411,"Corydon, IA","Newton, IA",1,9,2,4,4,4,6,3,3,12,2002
10400,"Corydon, IA","Marion, IA",1,8,0,9,0,0,0,6,3,9,2002
10418,"Corydon, IA","Ottumwa, IA",2,3,4,2,6,1,4,2,3,9,2002
10426,"Corydon, IA","Rathbun, IA",1,5,1,0,6,1,3,4,0,7,2002
10403,"Corydon, IA","Melcher-Dallas, IA",1,6,0,5,2,0,1,6,0,7,2002
10365,"Corydon, IA","Clive, IA",4,1,2,0,6,1,4,3,0,7,2002
10437,"Corydon, IA","Waterloo, IA",2,3,1,1,3,2,1,3,2,6,2002
10357,"Corydon, IA","Cedar Rapids, IA",0,5,1,1,4,1,1,3,2,6,2002
10387,"Corydon, IA","Indianola, IA",0,5,0,0,1,4,1,3,1,5,2002
10425,"Corydon, IA","Promise City, IA",2,3,0,0,1,4,3,1,1,5,2002
10421,"Corydon, IA","Plano, IA",1,4,0,3,0,2,1,4,0,5,2002
10350,"Corydon, IA","Belle Plaine, IA",3,0,1,1,0,3,1,2,1,4,2002
10409,"Corydon, IA","Murray, IA",0,4,0,0,3,1,3,1,0,4,2002
10440,"Corydon, IA","West Des Moines, IA",4,0,0,3,0,1,1,3,0,4,2002
10374,"Corydon, IA","Eldora, IA",0,3,1,0,4,0,1,3,0,4,2002
10434,"Corydon, IA","Victor, IA",2,2,0,3,0,1,1,1,2,4,2002
10343,"Corydon, IA","Albia, IA",0,2,2,0,4,0,0,4,0,4,2002
10415,"Corydon, IA","Oelwein, IA",0,4,0,0,4,0,0,4,0,4,2002
10386,"Corydon, IA","Independence, IA",1,3,0,0,0,4,2,1,1,4,2002
10383,"Corydon, IA","Harvey, IA",0,3,0,2,0,1,1,1,1,3,2002
10402,"Corydon, IA","Mason City, IA",3,0,0,0,3,0,2,1,0,3,2002
10390,"Corydon, IA","Knoxville, IA",0,0,3,0,0,3,1,0,2,3,2002
10389,"Corydon, IA","Johnston, IA",1,2,0,0,0,3,1,1,1,3,2002
10376,"Corydon, IA","Ely, IA",0,3,0,0,3,0,3,0,0,3,2002
10384,"Corydon, IA","Hiawatha, IA",2,0,1,1,2,0,0,3,0,3,2002
10442,"Corydon, IA","Windsor Heights, IA",1,2,0,0,2,1,3,0,0,3,2002
10373,"Corydon, IA","East Peru, IA",1,2,0,0,1,2,0,3,0,3,2002
10420,"Corydon, IA","Pella, IA",0,3,0,1,0,2,0,1,2,3,2002
10348,"Corydon, IA","Audubon, IA",3,0,0,3,0,0,0,3,0,3,2002
10435,"Corydon, IA","Vinton, IA",0,3,0,0,3,0,3,0,0,3,2002
10427,"Corydon, IA","Red Oak, IA",0,2,1,2,1,0,1,2,0,3,2002
10362,"Corydon, IA","Clear Lake, IA",1,1,1,0,2,1,2,0,1,3,2002
10368,"Corydon, IA","Council Bluffs, IA",0,1,2,1,0,2,2,1,0,3,2002
10397,"Corydon, IA","Lisbon, IA",0,3,0,0,3,0,0,3,0,3,2002
10416,"Corydon, IA","Osceola, IA",1,2,0,2,0,1,2,1,0,3,2002
10372,"Corydon, IA","Dyersville, IA",0,3,0,0,0,3,0,0,3,3,2002
10408,"Corydon, IA","Mount Vernon, IA",0,1,1,0,2,0,0,2,0,2,2002
10413,"Corydon, IA","North English, IA",0,0,2,1,1,0,2,0,0,2,2002
10428,"Corydon, IA","Russell, IA",0,2,0,2,0,0,0,2,0,2,2002
10433,"Corydon, IA","University Heights, IA",0,2,0,0,2,0,0,0,2,2,2002
10410,"Corydon, IA","New Sharon, IA",1,1,0,0,2,0,1,1,0,2,2002
10401,"Corydon, IA","Marshalltown, IA",0,2,0,0,1,1,1,1,0,2,2002
10436,"Corydon, IA","Walford, IA",0,2,0,0,2,0,0,0,2,2,2002
10441,"Corydon, IA","West Union, IA",0,2,0,2,0,0,0,1,1,2,2002
10422,"Corydon, IA","Pleasant Hill, IA",0,1,1,0,1,1,0,2,0,2,2002
10392,"Corydon, IA","Lamoni, IA",0,2,0,0,1,1,1,1,0,2,2002
10381,"Corydon, IA","Guttenberg, IA",0,2,0,2,0,0,0,2,0,2,2002
10345,"Corydon, IA","Ames, IA",0,2,0,1,0,1,0,1,1,2,2002
10360,"Corydon, IA","Cincinnati, IA",0,2,0,0,0,2,0,2,0,2,2002
10346,"Corydon, IA","Anamosa, IA",0,0,2,0,0,2,2,0,0,2,2002
10356,"Corydon, IA","Cedar Falls, IA",0,2,0,0,2,0,1,1,0,2,2002
10349,"Corydon, IA","Bedford, IA",0,0,2,0,2,0,2,0,0,2,2002
10351,"Corydon, IA","Bettendorf, IA",2,0,0,0,1,1,2,0,0,2,2002
10378,"Corydon, IA","Fairfield, IA",0,2,0,0,2,0,0,0,2,2,2002
10353,"Corydon, IA","Carlisle, IA",1,0,0,0,0,1,1,0,0,1,2002
10423,"Corydon, IA","Pleasanton, IA",1,0,0,0,1,0,0,0,1,1,2002
10424,"Corydon, IA","Pleasantville, IA",0,1,0,0,1,0,0,0,1,1,2002
10355,"Corydon, IA","Cascade, IA",1,0,0,0,1,0,0,1,0,1,2002
10354,"Corydon, IA","Carroll, IA",0,0,1,0,1,0,0,1,0,1,2002
10429,"Corydon, IA","Salem, IA",0,1,0,0,0,1,0,1,0,1,2002
10396,"Corydon, IA","Linden, IA",0,0,1,0,1,0,1,0,0,1,2002
10431,"Corydon, IA","Shelby, IA",0,1,0,0,0,1,0,0,1,1,2002
10363,"Corydon, IA","Clinton, IA",0,0,1,0,1,0,0,1,0,1,2002
10432,"Corydon, IA","Spring Hill, IA",1,0,0,0,0,1,1,0,0,1,2002
10352,"Corydon, IA","Boone, IA",1,0,0,0,0,1,1,0,0,1,2002
10347,"Corydon, IA","Ankeny, IA",0,1,0,0,0,1,0,1,0,1,2002
10438,"Corydon, IA","Waukee, IA",1,0,0,0,0,1,1,0,0,1,2002
10439,"Corydon, IA","Wellsburg, IA",0,0,1,0,0,1,1,0,0,1,2002
10344,"Corydon, IA","Alden, IA",1,0,0,1,0,0,0,1,0,1,2002
10361,"Corydon, IA","Clarinda, IA",1,0,0,1,0,0,0,1,0,1,2002
10419,"Corydon, IA","Panora, IA",0,0,1,0,1,0,0,1,0,1,2002
10366,"Corydon, IA","Coon Rapids, IA",0,1,0,0,1,0,0,0,1,1,2002
10395,"Corydon, IA","Lidderdale, IA",0,1,0,0,0,1,1,0,0,1,2002
10398,"Corydon, IA","Liscomb, IA",0,1,0,0,0,1,0,1,0,1,2002
10399,"Corydon, IA","Manning, IA",0,1,0,0,0,1,0,1,0,1,2002
10393,"Corydon, IA","Le Roy, IA",0,0,1,0,0,1,1,0,0,1,2002
10391,"Corydon, IA","Lambs Grove, IA",0,1,0,0,1,0,1,0,0,1,2002
10385,"Corydon, IA","Humboldt, IA",0,1,0,0,0,1,0,0,1,1,2002
10382,"Corydon, IA","Hampton, IA",0,0,1,0,0,1,0,1,0,1,2002
10404,"Corydon, IA","Milton, IA",0,1,0,0,0,1,0,1,0,1,2002
10405,"Corydon, IA","Monticello, IA",0,1,0,0,0,1,0,0,1,1,2002
10406,"Corydon, IA","Morrison, IA",0,1,0,1,0,0,0,1,0,1,2002
10407,"Corydon, IA","Mount Ayr, IA",0,1,0,0,1,0,0,0,1,1,2002
10380,"Corydon, IA","Grinnell, IA",0,1,0,0,1,0,0,1,0,1,2002
10379,"Corydon, IA","Garner, IA",1,0,0,0,0,1,1,0,0,1,2002
10412,"Corydon, IA","Nora Springs, IA",0,1,0,0,1,0,1,0,0,1,2002
10377,"Corydon, IA","Exira, IA",0,1,0,0,1,0,1,0,0,1,2002
10414,"Corydon, IA","North Liberty, IA",0,1,0,0,1,0,0,0,1,1,2002
10375,"Corydon, IA","Eldridge, IA",0,1,0,0,1,0,0,0,1,1,2002
10371,"Corydon, IA","Dike, IA",1,0,0,0,1,0,1,0,0,1,2002
10417,"Corydon, IA","Ottosen, IA",0,0,1,0,0,1,0,1,0,1,2002
10369,"Corydon, IA","Davenport, IA",0,0,1,0,0,1,0,1,0,1,2002
10342,"Corydon, IA","Afton, IA",0,1,0,0,1,0,0,0,1,1,2002
