,home city,work city,Age [0-29],Age [30-54],Age [55+],Jobs: Goods Producing,Jobs: Other,"Jobs: Trade, Transport, Utilities","Salary, Monthly [0-1250]","Salary, Monthly [1251-3333]","Salary, Monthly [3334+]",total jobs,Year
9082,"Clinton, IA","Clinton, IA",1485,3384,1045,1104,4111,699,2386,2432,1096,5914,2002
9142,"Clinton, IA","Low Moor, IA",443,846,157,703,548,195,452,747,247,1446,2002
9074,"Clinton, IA","Camanche, IA",207,608,143,367,360,231,276,377,305,958,2002
9091,"Clinton, IA","Davenport, IA",137,303,61,84,287,130,189,191,121,501,2002
9092,"Clinton, IA","De Witt, IA",110,196,23,183,112,34,49,225,55,329,2002
9078,"Clinton, IA","Cedar Rapids, IA",71,113,30,36,101,77,86,54,74,214,2002
9066,"Clinton, IA","Bettendorf, IA",71,96,20,7,110,70,107,61,19,187,2002
9102,"Clinton, IA","Eldridge, IA",78,91,16,51,119,15,92,62,31,185,2002
9098,"Clinton, IA","Dubuque, IA",43,72,23,3,53,82,48,66,24,138,2002
9170,"Clinton, IA","Panorama Park, IA",16,100,12,76,41,11,26,44,58,128,2002
9175,"Clinton, IA","Preston, IA",31,73,13,7,102,8,52,55,10,117,2002
9126,"Clinton, IA","Iowa City, IA",61,27,7,2,61,32,77,16,2,95,2002
9096,"Clinton, IA","Des Moines, IA",20,60,14,8,59,27,16,33,45,94,2002
9204,"Clinton, IA","West Burlington, IA",48,36,9,2,10,81,50,36,7,93,2002
9158,"Clinton, IA","Mount Pleasant, IA",33,31,25,0,0,89,59,26,4,89,2002
9122,"Clinton, IA","Hiawatha, IA",40,35,6,1,34,46,45,32,4,81,2002
9072,"Clinton, IA","Burlington, IA",40,30,7,2,37,38,44,23,10,77,2002
9160,"Clinton, IA","Muscatine, IA",31,31,9,5,39,27,38,27,6,71,2002
9176,"Clinton, IA","Princeton, IA",12,37,13,16,33,13,31,20,11,62,2002
9110,"Clinton, IA","Fort Atkinson, IA",5,32,16,0,53,0,30,12,11,53,2002
9198,"Clinton, IA","Vinton, IA",22,26,2,0,28,22,25,25,0,50,2002
9112,"Clinton, IA","Fort Madison, IA",6,31,8,38,5,2,2,3,40,45,2002
9058,"Clinton, IA","Asbury, IA",17,23,4,2,10,32,25,14,5,44,2002
9180,"Clinton, IA","Riverdale, IA",18,21,3,5,37,0,18,15,9,42,2002
9083,"Clinton, IA","Clive, IA",15,17,6,0,29,9,13,12,13,38,2002
9172,"Clinton, IA","Perry, IA",16,16,3,15,12,8,15,18,2,35,2002
9195,"Clinton, IA","University Heights, IA",24,7,3,0,30,4,26,7,1,34,2002
9055,"Clinton, IA","Andover, IA",12,13,7,20,10,2,8,21,3,32,2002
9107,"Clinton, IA","Fairfax, IA",10,19,2,0,3,28,17,13,1,31,2002
9162,"Clinton, IA","Newton, IA",20,11,0,0,0,31,24,7,0,31,2002
9149,"Clinton, IA","Marshalltown, IA",9,17,4,0,0,30,8,12,10,30,2002
9146,"Clinton, IA","Maquoketa, IA",8,14,3,2,7,16,11,12,2,25,2002
9118,"Clinton, IA","Greenfield, IA",13,8,2,19,2,2,3,18,2,23,2002
9127,"Clinton, IA","Iowa Falls, IA",10,10,3,3,1,19,14,8,1,23,2002
9095,"Clinton, IA","Denison, IA",12,4,4,4,11,5,2,13,5,20,2002
9111,"Clinton, IA","Fort Dodge, IA",6,11,3,1,6,13,6,12,2,20,2002
9093,"Clinton, IA","Decorah, IA",11,6,2,0,9,10,15,3,1,19,2002
9069,"Clinton, IA","Boone, IA",14,3,0,0,0,17,13,4,0,17,2002
9059,"Clinton, IA","Atlantic, IA",1,14,2,10,3,4,9,3,5,17,2002
9181,"Clinton, IA","Robins, IA",11,4,1,0,5,11,8,8,0,16,2002
9131,"Clinton, IA","Keokuk, IA",5,11,0,1,4,11,7,9,0,16,2002
9081,"Clinton, IA","Clarinda, IA",14,2,0,0,13,3,13,2,1,16,2002
9193,"Clinton, IA","Tipton, IA",10,5,0,0,12,3,6,6,3,15,2002
9057,"Clinton, IA","Ankeny, IA",5,8,2,1,3,11,3,5,7,15,2002
9104,"Clinton, IA","Ely, IA",6,8,1,2,13,0,6,3,6,15,2002
9087,"Clinton, IA","Council Bluffs, IA",5,7,2,4,4,6,5,6,3,14,2002
9085,"Clinton, IA","Coralville, IA",10,4,0,0,8,6,14,0,0,14,2002
9140,"Clinton, IA","Long Grove, IA",7,6,0,1,12,0,7,3,3,13,2002
9099,"Clinton, IA","Dyersville, IA",6,7,0,0,11,2,5,8,0,13,2002
9071,"Clinton, IA","Buffalo, IA",1,10,1,3,7,2,2,7,3,12,2002
9053,"Clinton, IA","Ames, IA",7,4,1,1,8,3,7,2,3,12,2002
9167,"Clinton, IA","Ottumwa, IA",2,8,2,3,3,6,3,5,4,12,2002
9188,"Clinton, IA","Springbrook, IA",1,9,2,0,1,11,1,8,3,12,2002
9165,"Clinton, IA","Norwalk, IA",8,3,0,0,3,8,10,1,0,11,2002
9064,"Clinton, IA","Belle Plaine, IA",3,4,4,0,7,4,6,5,0,11,2002
9135,"Clinton, IA","Lamoni, IA",9,2,0,0,7,4,9,2,0,11,2002
9052,"Clinton, IA","Altoona, IA",1,8,1,0,2,8,1,4,5,10,2002
9060,"Clinton, IA","Audubon, IA",4,3,3,0,0,10,4,6,0,10,2002
9145,"Clinton, IA","Manchester, IA",4,5,0,0,7,2,4,4,1,9,2002
9120,"Clinton, IA","Grinnell, IA",2,6,1,5,4,0,3,4,2,9,2002
9199,"Clinton, IA","Walcott, IA",3,6,0,0,5,4,4,3,2,9,2002
9117,"Clinton, IA","Grand Mound, IA",1,7,0,5,1,2,1,4,3,8,2002
9182,"Clinton, IA","Rockwell City, IA",1,6,1,1,3,4,3,4,1,8,2002
9097,"Clinton, IA","Dixon, IA",1,3,4,4,4,0,5,2,1,8,2002
9156,"Clinton, IA","Monticello, IA",4,4,0,1,5,2,4,4,0,8,2002
9192,"Clinton, IA","Tiffin, IA",2,6,0,0,0,8,3,1,4,8,2002
9065,"Clinton, IA","Bellevue, IA",4,2,2,1,3,4,5,3,0,8,2002
9205,"Clinton, IA","West Des Moines, IA",2,5,0,0,2,5,2,3,2,7,2002
9183,"Clinton, IA","Sabula, IA",2,5,0,0,6,1,2,4,1,7,2002
9068,"Clinton, IA","Blue Grass, IA",0,5,1,3,2,1,1,1,4,6,2002
9123,"Clinton, IA","Humboldt, IA",0,5,1,3,2,1,2,1,3,6,2002
9200,"Clinton, IA","Washington, IA",2,3,1,0,1,5,4,1,1,6,2002
9067,"Clinton, IA","Blairstown, IA",1,3,2,0,5,1,4,2,0,6,2002
9201,"Clinton, IA","Webster City, IA",1,2,2,0,0,5,2,2,1,5,2002
9136,"Clinton, IA","Le Claire, IA",1,4,0,0,5,0,1,1,3,5,2002
9184,"Clinton, IA","Sageville, IA",1,2,2,1,4,0,2,2,1,5,2002
9079,"Clinton, IA","Center Junction, IA",0,5,0,1,2,2,4,1,0,5,2002
9194,"Clinton, IA","Toledo, IA",2,2,1,0,4,1,1,3,1,5,2002
9157,"Clinton, IA","Morley, IA",2,2,1,0,1,4,2,3,0,5,2002
9137,"Clinton, IA","Le Grand, IA",0,3,1,0,0,4,0,4,0,4,2002
9189,"Clinton, IA","Stanton, IA",4,0,0,0,4,0,4,0,0,4,2002
9130,"Clinton, IA","Johnston, IA",2,2,0,0,2,2,3,0,1,4,2002
9187,"Clinton, IA","Solon, IA",1,3,0,0,2,2,3,1,0,4,2002
9054,"Clinton, IA","Anamosa, IA",3,1,0,0,3,1,2,2,0,4,2002
9073,"Clinton, IA","Bussey, IA",1,3,0,0,2,2,0,0,4,4,2002
9076,"Clinton, IA","Casey, IA",3,1,0,1,1,2,1,0,3,4,2002
9148,"Clinton, IA","Marion, IA",2,2,0,1,0,3,0,3,1,4,2002
9179,"Clinton, IA","Ridgeway, IA",0,3,1,0,4,0,2,1,1,4,2002
9177,"Clinton, IA","Protivin, IA",1,3,0,0,4,0,2,2,0,4,2002
9119,"Clinton, IA","Grimes, IA",0,3,1,0,1,3,1,1,2,4,2002
9186,"Clinton, IA","Sioux City, IA",2,1,0,0,2,1,2,1,0,3,2002
9166,"Clinton, IA","Oskaloosa, IA",2,1,0,0,0,3,0,2,1,3,2002
9202,"Clinton, IA","Webster, IA",2,1,0,2,0,1,0,3,0,3,2002
9207,"Clinton, IA","Wheatland, IA",0,3,0,0,0,3,0,3,0,3,2002
9209,"Clinton, IA","Windsor Heights, IA",1,1,1,0,2,1,2,0,1,3,2002
9171,"Clinton, IA","Peosta, IA",3,0,0,1,1,1,2,1,0,3,2002
9153,"Clinton, IA","Mechanicsville, IA",0,3,0,0,0,3,2,1,0,3,2002
9191,"Clinton, IA","Tennant, IA",0,3,0,0,2,1,0,1,2,3,2002
9211,"Clinton, IA","Wyoming, IA",0,3,0,1,2,0,0,2,1,3,2002
9116,"Clinton, IA","Glidden, IA",2,1,0,0,0,3,2,0,1,3,2002
9084,"Clinton, IA","Coon Rapids, IA",0,1,2,0,0,3,0,2,1,3,2002
9115,"Clinton, IA","Glenwood, IA",0,3,0,0,0,3,2,0,1,3,2002
9108,"Clinton, IA","Farley, IA",0,3,0,2,0,1,0,3,0,3,2002
9105,"Clinton, IA","Epworth, IA",2,0,1,0,2,1,2,1,0,3,2002
9101,"Clinton, IA","Eagle Grove, IA",2,0,1,0,3,0,3,0,0,3,2002
9144,"Clinton, IA","Macedonia, IA",0,2,1,1,0,2,2,0,1,3,2002
9100,"Clinton, IA","Dysart, IA",0,1,1,0,2,0,0,1,1,2,2002
9190,"Clinton, IA","Story City, IA",1,0,1,2,0,0,0,1,1,2,2002
9089,"Clinton, IA","Dakota City, IA",0,2,0,0,2,0,1,1,0,2,2002
9088,"Clinton, IA","Creston, IA",1,1,0,0,1,1,1,1,0,2,2002
9113,"Clinton, IA","Gilbert, IA",0,2,0,2,0,0,1,0,1,2,2002
9125,"Clinton, IA","Indianola, IA",2,0,0,0,0,2,1,1,0,2,2002
9070,"Clinton, IA","Braddyville, IA",0,1,1,0,0,2,0,1,1,2,2002
9203,"Clinton, IA","West Branch, IA",1,1,0,1,1,0,1,1,0,2,2002
9062,"Clinton, IA","Baxter, IA",0,2,0,0,0,2,0,0,2,2,2002
9206,"Clinton, IA","West Liberty, IA",0,2,0,0,2,0,2,0,0,2,2002
9061,"Clinton, IA","Baldwin, IA",0,2,0,0,0,2,0,2,0,2,2002
9208,"Clinton, IA","Wilton, IA",1,1,0,0,1,1,0,2,0,2,2002
9056,"Clinton, IA","Andrew, IA",0,1,1,0,1,1,0,1,1,2,2002
9077,"Clinton, IA","Castalia, IA",0,2,0,1,1,0,0,0,2,2,2002
9051,"Clinton, IA","Adair, IA",2,0,0,0,0,2,0,2,0,2,2002
9128,"Clinton, IA","Jefferson, IA",0,2,0,1,0,1,0,1,1,2,2002
9154,"Clinton, IA","Middletown, IA",0,2,0,0,0,2,1,1,0,2,2002
9133,"Clinton, IA","Knoxville, IA",0,2,0,1,0,1,0,0,2,2,2002
9132,"Clinton, IA","Keosauqua, IA",2,0,0,0,2,0,0,2,0,2,2002
9141,"Clinton, IA","Lost Nation, IA",0,2,0,0,0,2,1,1,0,2,2002
9169,"Clinton, IA","Oxford, IA",0,2,0,0,0,2,0,2,0,2,2002
9168,"Clinton, IA","Owasa, IA",1,0,1,1,0,1,2,0,0,2,2002
9129,"Clinton, IA","Jewell Junction, IA",0,2,0,0,2,0,0,0,2,2,2002
9147,"Clinton, IA","Marengo, IA",0,1,1,0,1,1,1,0,1,2,2002
9152,"Clinton, IA","McCausland, IA",0,2,0,2,0,0,1,1,0,2,2002
9138,"Clinton, IA","Leon, IA",2,0,0,0,0,2,1,1,0,2,2002
9155,"Clinton, IA","Montezuma, IA",0,1,0,1,0,0,0,1,0,1,2002
9143,"Clinton, IA","Lynnville, IA",0,1,0,0,0,1,0,1,0,1,2002
9063,"Clinton, IA","Beaman, IA",1,0,0,0,0,1,0,1,0,1,2002
9086,"Clinton, IA","Corning, IA",1,0,0,0,0,1,0,1,0,1,2002
9159,"Clinton, IA","Mount Union, IA",0,1,0,0,0,1,1,0,0,1,2002
9075,"Clinton, IA","Cascade, IA",0,1,0,0,1,0,1,0,0,1,2002
9210,"Clinton, IA","Winfield, IA",1,0,0,1,0,0,0,0,1,1,2002
9139,"Clinton, IA","Liscomb, IA",0,1,0,0,0,1,1,0,0,1,2002
9080,"Clinton, IA","Center Point, IA",1,0,0,0,0,1,0,1,0,1,2002
9161,"Clinton, IA","New Sharon, IA",0,1,0,0,0,1,0,1,0,1,2002
9197,"Clinton, IA","Urbandale, IA",0,1,0,0,1,0,1,0,0,1,2002
9196,"Clinton, IA","Urbana, IA",1,0,0,1,0,0,1,0,0,1,2002
9090,"Clinton, IA","Danville, IA",0,1,0,0,0,1,1,0,0,1,2002
9163,"Clinton, IA","Nodaway, IA",1,0,0,0,0,1,0,1,0,1,2002
9173,"Clinton, IA","Pocahontas, IA",0,1,0,0,1,0,1,0,0,1,2002
9094,"Clinton, IA","Delta, IA",0,1,0,1,0,0,0,0,1,1,2002
9164,"Clinton, IA","North Liberty, IA",1,0,0,0,1,0,1,0,0,1,2002
9134,"Clinton, IA","Lake City, IA",0,1,0,1,0,0,0,1,0,1,2002
9103,"Clinton, IA","Elkader, IA",0,0,1,1,0,0,1,0,0,1,2002
9185,"Clinton, IA","Sigourney, IA",0,1,0,1,0,0,0,0,1,1,2002
9106,"Clinton, IA","Exira, IA",0,1,0,0,0,1,0,0,1,1,2002
9109,"Clinton, IA","Farmington, IA",0,1,0,0,0,1,0,1,0,1,2002
9151,"Clinton, IA","Maxwell, IA",1,0,0,0,0,1,0,1,0,1,2002
9114,"Clinton, IA","Gilman, IA",0,1,0,1,0,0,0,1,0,1,2002
9178,"Clinton, IA","Redfield, IA",0,0,1,0,0,1,1,0,0,1,2002
9121,"Clinton, IA","Guthrie Center, IA",0,1,0,1,0,0,0,0,1,1,2002
9124,"Clinton, IA","Huxley, IA",0,1,0,0,1,0,1,0,0,1,2002
9174,"Clinton, IA","Pomeroy, IA",1,0,0,0,0,1,0,1,0,1,2002
9150,"Clinton, IA","Martelle, IA",0,1,0,0,0,1,1,0,0,1,2002
