,work city,home city,Age [0-29],Age [30-54],Age [55+],Jobs: Goods Producing,Jobs: Other,"Jobs: Trade, Transport, Utilities","Salary, Monthly [0-1250]","Salary, Monthly [1251-3333]","Salary, Monthly [3334+]",total jobs,Year
3127,"Arnolds Park, IA","Spirit Lake, IA",86,115,12,13,145,55,102,93,18,213,2002
3110,"Arnolds Park, IA","Milford, IA",54,54,8,5,109,2,73,37,6,116,2002
3076,"Arnolds Park, IA","Arnolds Park, IA",41,54,21,2,86,28,63,35,18,116,2002
3130,"Arnolds Park, IA","Superior, IA",29,36,14,2,70,7,50,23,6,79,2002
3131,"Arnolds Park, IA","Terril, IA",35,20,5,1,56,3,40,19,1,60,2002
3126,"Arnolds Park, IA","Spencer, IA",27,23,9,4,28,27,24,33,2,59,2002
3132,"Arnolds Park, IA","Wahpeton, IA",20,15,6,1,30,10,25,14,2,41,2002
3100,"Arnolds Park, IA","Harris, IA",13,11,5,5,24,0,14,10,5,29,2002
3093,"Arnolds Park, IA","Estherville, IA",11,16,0,0,15,12,13,13,1,27,2002
3105,"Arnolds Park, IA","Lake Park, IA",19,5,2,3,22,1,19,7,0,26,2002
3136,"Arnolds Park, IA","West Okoboji, IA",15,9,2,0,17,9,12,10,4,26,2002
3092,"Arnolds Park, IA","Emmetsburg, IA",5,2,3,2,8,0,5,4,1,10,2002
3123,"Arnolds Park, IA","Sergeant Bluff, IA",9,0,0,0,9,0,5,4,0,9,2002
3088,"Arnolds Park, IA","Dickens, IA",7,2,0,0,8,1,2,7,0,9,2002
3078,"Arnolds Park, IA","Aurelia, IA",1,3,2,0,2,4,1,4,1,6,2002
3097,"Arnolds Park, IA","Graettinger, IA",2,0,3,0,3,2,5,0,0,5,2002
3095,"Arnolds Park, IA","Fostoria, IA",3,2,0,1,3,1,4,1,0,5,2002
3122,"Arnolds Park, IA","Schaller, IA",0,3,1,0,0,4,0,2,2,4,2002
3075,"Arnolds Park, IA","Armstrong, IA",0,1,3,0,4,0,3,1,0,4,2002
3083,"Arnolds Park, IA","Clarion, IA",0,4,0,0,0,4,4,0,0,4,2002
3119,"Arnolds Park, IA","Royal, IA",1,3,0,0,4,0,4,0,0,4,2002
3079,"Arnolds Park, IA","Belmond, IA",3,0,0,0,3,0,3,0,0,3,2002
3107,"Arnolds Park, IA","Lawton, IA",3,0,0,0,3,0,3,0,0,3,2002
3120,"Arnolds Park, IA","Ruthven, IA",2,0,1,0,2,1,0,3,0,3,2002
3081,"Arnolds Park, IA","Carroll, IA",3,0,0,0,3,0,3,0,0,3,2002
3074,"Arnolds Park, IA","Alton, IA",0,2,1,0,1,2,3,0,0,3,2002
3104,"Arnolds Park, IA","Lake Mills, IA",1,2,0,0,2,1,3,0,0,3,2002
3102,"Arnolds Park, IA","Hinton, IA",1,2,0,0,3,0,1,2,0,3,2002
3114,"Arnolds Park, IA","Osage, IA",1,0,1,0,1,1,1,1,0,2,2002
3112,"Arnolds Park, IA","Odebolt, IA",1,1,0,0,2,0,0,1,1,2,2002
3113,"Arnolds Park, IA","Onawa, IA",0,2,0,0,2,0,2,0,0,2,2002
3118,"Arnolds Park, IA","Rock Rapids, IA",2,0,0,0,2,0,2,0,0,2,2002
3117,"Arnolds Park, IA","Remsen, IA",0,1,1,0,1,1,2,0,0,2,2002
3109,"Arnolds Park, IA","Manning, IA",2,0,0,0,2,0,0,2,0,2,2002
3121,"Arnolds Park, IA","Scarville, IA",2,0,0,0,2,0,2,0,0,2,2002
3134,"Arnolds Park, IA","Webb, IA",0,2,0,0,2,0,2,0,0,2,2002
3133,"Arnolds Park, IA","Wallingford, IA",0,2,0,0,2,0,2,0,0,2,2002
3072,"Arnolds Park, IA","Albert City, IA",0,2,0,0,2,0,2,0,0,2,2002
3086,"Arnolds Park, IA","Danbury, IA",1,1,0,1,1,0,1,1,0,2,2002
3087,"Arnolds Park, IA","Decorah, IA",0,2,0,0,0,2,0,2,0,2,2002
3089,"Arnolds Park, IA","Dolliver, IA",0,1,1,0,1,1,1,1,0,2,2002
3108,"Arnolds Park, IA","Le Mars, IA",1,0,0,0,1,0,0,1,0,1,2002
3111,"Arnolds Park, IA","Mitchell, IA",0,1,0,0,0,1,1,0,0,1,2002
3077,"Arnolds Park, IA","Ashton, IA",0,1,0,1,0,0,0,1,0,1,2002
3135,"Arnolds Park, IA","Wellsburg, IA",0,0,1,0,1,0,0,1,0,1,2002
3080,"Arnolds Park, IA","Boyden, IA",0,1,0,0,0,1,0,1,0,1,2002
3082,"Arnolds Park, IA","Cherokee, IA",1,0,0,0,0,1,0,1,0,1,2002
3084,"Arnolds Park, IA","Cresco, IA",1,0,0,0,1,0,0,1,0,1,2002
3085,"Arnolds Park, IA","Cushing, IA",0,1,0,1,0,0,0,1,0,1,2002
3129,"Arnolds Park, IA","Storm Lake, IA",1,0,0,0,1,0,1,0,0,1,2002
3128,"Arnolds Park, IA","Stacyville, IA",0,1,0,0,0,1,1,0,0,1,2002
3125,"Arnolds Park, IA","Sioux Center, IA",1,0,0,0,1,0,0,1,0,1,2002
3124,"Arnolds Park, IA","Sibley, IA",1,0,0,0,1,0,1,0,0,1,2002
3090,"Arnolds Park, IA","Early, IA",0,0,1,0,1,0,1,0,0,1,2002
3091,"Arnolds Park, IA","Elma, IA",1,0,0,0,0,1,1,0,0,1,2002
3094,"Arnolds Park, IA","Everly, IA",1,0,0,0,0,1,1,0,0,1,2002
3096,"Arnolds Park, IA","Goldfield, IA",0,1,0,0,0,1,1,0,0,1,2002
3098,"Arnolds Park, IA","Gray, IA",1,0,0,0,1,0,0,1,0,1,2002
3099,"Arnolds Park, IA","Greenville, IA",1,0,0,0,1,0,1,0,0,1,2002
3101,"Arnolds Park, IA","Hawarden, IA",0,1,0,0,0,1,1,0,0,1,2002
3116,"Arnolds Park, IA","Randalia, IA",1,0,0,0,0,1,0,1,0,1,2002
3115,"Arnolds Park, IA","Oyens, IA",1,0,0,0,0,1,1,0,0,1,2002
3103,"Arnolds Park, IA","Kiron, IA",0,1,0,0,1,0,0,1,0,1,2002
3073,"Arnolds Park, IA","Algona, IA",0,0,1,0,1,0,0,1,0,1,2002
3106,"Arnolds Park, IA","Larrabee, IA",1,0,0,0,1,0,1,0,0,1,2002
3137,"Arnolds Park, IA","Westfield, IA",0,1,0,0,1,0,0,1,0,1,2002
