,home city,work city,Age [0-29],Age [30-54],Age [55+],Jobs: Goods Producing,Jobs: Other,"Jobs: Trade, Transport, Utilities","Salary, Monthly [0-1250]","Salary, Monthly [1251-3333]","Salary, Monthly [3334+]",total jobs,Year
7812,"Center Point, IA","Cedar Rapids, IA",103,317,68,133,268,87,99,247,142,488,2002
7839,"Center Point, IA","Hiawatha, IA",63,145,27,42,134,59,68,116,51,235,2002
7845,"Center Point, IA","Iowa City, IA",38,99,16,43,98,12,49,64,40,153,2002
7813,"Center Point, IA","Center Point, IA",13,48,23,11,55,18,42,25,17,84,2002
7872,"Center Point, IA","Robins, IA",24,47,6,20,37,20,26,34,17,77,2002
7868,"Center Point, IA","Palo, IA",20,47,8,8,46,21,35,24,16,75,2002
7888,"Center Point, IA","Waterloo, IA",31,21,8,6,47,7,45,6,9,60,2002
7814,"Center Point, IA","Central City, IA",12,34,14,8,37,15,24,26,10,60,2002
7827,"Center Point, IA","Dubuque, IA",17,29,8,7,7,40,22,26,6,54,2002
7876,"Center Point, IA","Springville, IA",8,32,6,13,24,9,16,25,5,46,2002
7831,"Center Point, IA","Ely, IA",8,27,5,4,36,0,8,24,8,40,2002
7882,"Center Point, IA","Urbana, IA",12,21,6,4,24,11,18,14,7,39,2002
7854,"Center Point, IA","Marion, IA",7,27,4,18,6,14,2,19,17,38,2002
7811,"Center Point, IA","Cedar Falls, IA",22,12,1,2,24,9,19,11,5,35,2002
7881,"Center Point, IA","University Heights, IA",11,18,4,4,24,5,14,12,7,33,2002
7824,"Center Point, IA","Davenport, IA",8,11,5,2,18,4,11,6,7,24,2002
7833,"Center Point, IA","Fairfax, IA",7,13,3,9,4,10,9,10,4,23,2002
7820,"Center Point, IA","Coggon, IA",3,14,5,6,12,4,12,6,4,22,2002
7826,"Center Point, IA","Des Moines, IA",5,16,1,1,15,6,3,12,7,22,2002
7804,"Center Point, IA","Asbury, IA",17,2,3,0,0,22,10,9,3,22,2002
7807,"Center Point, IA","Bettendorf, IA",7,9,2,0,9,9,8,8,2,18,2002
7857,"Center Point, IA","Mason City, IA",11,5,0,0,2,14,11,3,2,16,2002
7855,"Center Point, IA","Marshalltown, IA",7,8,1,1,15,0,4,8,4,16,2002
7869,"Center Point, IA","Prairieburg, IA",3,9,3,0,6,9,12,3,0,15,2002
7803,"Center Point, IA","Ankeny, IA",4,6,2,2,8,2,4,5,3,12,2002
7819,"Center Point, IA","Clive, IA",3,7,1,0,9,2,4,5,2,11,2002
7821,"Center Point, IA","Coralville, IA",6,4,0,3,7,0,1,5,4,10,2002
7873,"Center Point, IA","Shueyville, IA",3,6,0,0,3,6,1,6,2,9,2002
7858,"Center Point, IA","Monticello, IA",3,6,0,6,0,3,5,1,3,9,2002
7802,"Center Point, IA","Anamosa, IA",3,6,0,0,5,4,2,6,1,9,2002
7885,"Center Point, IA","Vinton, IA",0,8,1,1,8,0,4,4,1,9,2002
7883,"Center Point, IA","Urbandale, IA",1,6,1,1,3,4,2,1,5,8,2002
7801,"Center Point, IA","Ames, IA",4,3,1,0,3,5,4,2,2,8,2002
7808,"Center Point, IA","Blairstown, IA",1,7,0,7,1,0,0,8,0,8,2002
7866,"Center Point, IA","Ottumwa, IA",1,6,0,0,4,3,2,3,2,7,2002
7825,"Center Point, IA","De Witt, IA",2,4,0,0,2,4,0,4,2,6,2002
7829,"Center Point, IA","Eldridge, IA",2,4,0,0,2,4,0,4,2,6,2002
7856,"Center Point, IA","Martelle, IA",0,5,0,2,0,3,0,5,0,5,2002
7848,"Center Point, IA","Lisbon, IA",1,2,2,3,0,2,1,2,2,5,2002
7895,"Center Point, IA","Winthrop, IA",1,4,0,4,0,1,4,0,1,5,2002
7806,"Center Point, IA","Bertram, IA",3,1,1,0,5,0,3,2,0,5,2002
7828,"Center Point, IA","Eldora, IA",0,4,1,0,0,5,2,3,0,5,2002
7859,"Center Point, IA","Morley, IA",2,2,0,0,3,1,1,2,1,4,2002
7890,"Center Point, IA","West Branch, IA",2,1,1,0,2,2,3,0,1,4,2002
7838,"Center Point, IA","Hampton, IA",0,3,0,0,0,3,3,0,0,3,2002
7884,"Center Point, IA","Van Horne, IA",2,1,0,0,0,3,2,1,0,3,2002
7815,"Center Point, IA","Charles City, IA",0,3,0,0,0,3,0,3,0,3,2002
7880,"Center Point, IA","Tipton, IA",3,0,0,0,0,3,2,1,0,3,2002
7886,"Center Point, IA","Walford, IA",1,2,0,1,2,0,1,0,2,3,2002
7818,"Center Point, IA","Clinton, IA",2,1,0,1,1,1,0,1,2,3,2002
7889,"Center Point, IA","Waverly, IA",3,0,0,0,0,3,2,1,0,3,2002
7846,"Center Point, IA","Iowa Falls, IA",1,2,0,0,0,3,0,1,2,3,2002
7841,"Center Point, IA","Hopkinton, IA",1,1,1,1,1,1,1,1,1,3,2002
7860,"Center Point, IA","Morrison, IA",0,2,0,1,0,1,1,0,1,2,2002
7843,"Center Point, IA","Independence, IA",1,0,1,0,1,1,0,2,0,2,2002
7865,"Center Point, IA","Oelwein, IA",0,2,0,0,1,1,1,0,1,2,2002
7870,"Center Point, IA","Randalia, IA",2,0,0,0,1,1,1,1,0,2,2002
7832,"Center Point, IA","Evansdale, IA",0,2,0,0,0,2,1,0,1,2,2002
7844,"Center Point, IA","Indianola, IA",1,0,1,0,1,1,2,0,0,2,2002
7850,"Center Point, IA","Low Moor, IA",1,1,0,0,1,1,2,0,0,2,2002
7809,"Center Point, IA","Brandon, IA",1,1,0,0,1,1,1,1,0,2,2002
7816,"Center Point, IA","Clarence, IA",0,2,0,0,2,0,0,0,2,2,2002
7892,"Center Point, IA","West Union, IA",0,2,0,0,0,2,0,0,2,2,2002
7891,"Center Point, IA","West Des Moines, IA",0,2,0,0,0,2,2,0,0,2,2002
7847,"Center Point, IA","Johnston, IA",0,2,0,1,1,0,0,0,2,2,2002
7830,"Center Point, IA","Elk Run Heights, IA",0,2,0,1,1,0,0,2,0,2,2002
7875,"Center Point, IA","Spencer, IA",1,0,0,0,1,0,0,1,0,1,2002
7874,"Center Point, IA","Sioux City, IA",1,0,0,1,0,0,0,0,1,1,2002
7879,"Center Point, IA","Tiffin, IA",0,1,0,0,0,1,0,1,0,1,2002
7894,"Center Point, IA","Windsor Heights, IA",0,1,0,0,1,0,1,0,0,1,2002
7877,"Center Point, IA","St. Lucas, IA",0,0,1,0,1,0,0,1,0,1,2002
7878,"Center Point, IA","Strawberry Point, IA",0,1,0,1,0,0,0,0,1,1,2002
7893,"Center Point, IA","Wilton, IA",0,1,0,1,0,0,0,0,1,1,2002
7887,"Center Point, IA","Walker, IA",0,1,0,1,0,0,0,1,0,1,2002
7800,"Center Point, IA","Altoona, IA",1,0,0,0,0,1,1,0,0,1,2002
7871,"Center Point, IA","Riverside, IA",0,1,0,0,0,1,0,0,1,1,2002
7867,"Center Point, IA","Owasa, IA",0,1,0,1,0,0,0,0,1,1,2002
7805,"Center Point, IA","Belle Plaine, IA",0,0,1,0,1,0,0,1,0,1,2002
7810,"Center Point, IA","Camanche, IA",1,0,0,0,1,0,1,0,0,1,2002
7817,"Center Point, IA","Clarion, IA",0,1,0,0,1,0,0,0,1,1,2002
7822,"Center Point, IA","Council Bluffs, IA",1,0,0,1,0,0,1,0,0,1,2002
7823,"Center Point, IA","Cresco, IA",0,1,0,0,0,1,1,0,0,1,2002
7834,"Center Point, IA","Fort Dodge, IA",0,1,0,0,0,1,0,1,0,1,2002
7835,"Center Point, IA","Grand Mound, IA",1,0,0,1,0,0,0,1,0,1,2002
7836,"Center Point, IA","Grinnell, IA",0,1,0,0,0,1,0,1,0,1,2002
7837,"Center Point, IA","Guttenberg, IA",0,1,0,0,0,1,0,0,1,1,2002
7840,"Center Point, IA","Hills, IA",0,1,0,1,0,0,0,1,0,1,2002
7842,"Center Point, IA","Hubbard, IA",0,1,0,0,0,1,0,1,0,1,2002
7849,"Center Point, IA","Long Grove, IA",0,1,0,0,1,0,0,0,1,1,2002
7851,"Center Point, IA","Lowden, IA",0,1,0,0,0,1,0,1,0,1,2002
7852,"Center Point, IA","Manchester, IA",0,0,1,1,0,0,0,0,1,1,2002
7853,"Center Point, IA","Maquoketa, IA",0,1,0,0,0,1,0,1,0,1,2002
7861,"Center Point, IA","Mount Vernon, IA",0,1,0,0,0,1,1,0,0,1,2002
7862,"Center Point, IA","New Hampton, IA",1,0,0,0,0,1,1,0,0,1,2002
7863,"Center Point, IA","New Liberty, IA",0,0,1,1,0,0,0,1,0,1,2002
7864,"Center Point, IA","North Liberty, IA",1,0,0,1,0,0,0,1,0,1,2002
7896,"Center Point, IA","Wyoming, IA",0,1,0,0,0,1,0,1,0,1,2002
