,home city,work city,Age [0-29],Age [30-54],Age [55+],Jobs: Goods Producing,Jobs: Other,"Jobs: Trade, Transport, Utilities","Salary, Monthly [0-1250]","Salary, Monthly [1251-3333]","Salary, Monthly [3334+]",total jobs,Year
5091,"Blue Grass, IA","Davenport, IA",87,332,73,111,260,121,143,216,133,492,2002
5118,"Blue Grass, IA","Muscatine, IA",67,236,73,119,198,59,105,122,149,376,2002
5079,"Blue Grass, IA","Blue Grass, IA",25,54,22,44,31,26,41,30,30,101,2002
5078,"Blue Grass, IA","Bettendorf, IA",20,51,14,5,60,20,37,32,16,85,2002
5134,"Blue Grass, IA","Walcott, IA",34,33,12,4,37,38,44,27,8,79,2002
5081,"Blue Grass, IA","Buffalo, IA",14,49,12,21,33,21,20,38,17,75,2002
5096,"Blue Grass, IA","Eldridge, IA",15,48,9,24,31,17,21,34,17,72,2002
5142,"Blue Grass, IA","Wilton, IA",4,32,15,17,25,9,12,19,20,51,2002
5093,"Blue Grass, IA","Des Moines, IA",9,23,3,4,19,12,11,13,11,35,2002
5095,"Blue Grass, IA","Durant, IA",9,16,6,8,13,10,15,14,2,31,2002
5094,"Blue Grass, IA","Dixon, IA",15,7,2,7,17,0,14,7,3,24,2002
5123,"Blue Grass, IA","Panorama Park, IA",4,14,5,13,7,3,3,6,14,23,2002
5124,"Blue Grass, IA","Riverdale, IA",3,13,3,7,7,5,7,6,6,19,2002
5077,"Blue Grass, IA","Bennett, IA",5,13,1,1,8,10,4,12,3,19,2002
5087,"Blue Grass, IA","Clive, IA",7,7,0,0,10,4,7,2,5,14,2002
5101,"Blue Grass, IA","Fruitland, IA",1,9,2,11,0,1,2,8,2,12,2002
5140,"Blue Grass, IA","West Liberty, IA",1,11,0,7,2,3,2,9,1,12,2002
5108,"Blue Grass, IA","Iowa City, IA",8,2,0,0,8,2,6,3,1,10,2002
5073,"Blue Grass, IA","Ames, IA",6,3,0,2,5,2,4,5,0,9,2002
5143,"Blue Grass, IA","Windsor Heights, IA",4,4,1,0,6,3,6,3,0,9,2002
5138,"Blue Grass, IA","West Branch, IA",0,5,3,4,3,1,1,4,3,8,2002
5084,"Blue Grass, IA","Cedar Rapids, IA",4,4,0,1,0,7,4,4,0,8,2002
5133,"Blue Grass, IA","Urbandale, IA",2,5,0,0,5,2,3,2,2,7,2002
5122,"Blue Grass, IA","Ottumwa, IA",5,1,0,1,2,3,5,1,0,6,2002
5089,"Blue Grass, IA","Coralville, IA",3,3,0,1,0,5,3,2,1,6,2002
5139,"Blue Grass, IA","West Des Moines, IA",1,3,1,0,2,3,2,0,3,5,2002
5099,"Blue Grass, IA","Fort Dodge, IA",1,4,0,5,0,0,0,0,5,5,2002
5090,"Blue Grass, IA","Council Bluffs, IA",2,1,2,2,1,2,2,3,0,5,2002
5088,"Blue Grass, IA","Columbus Junction, IA",0,4,0,0,4,0,4,0,0,4,2002
5076,"Blue Grass, IA","Atalissa, IA",0,3,1,3,0,1,1,2,1,4,2002
5085,"Blue Grass, IA","Chariton, IA",0,2,2,0,0,4,2,2,0,4,2002
5112,"Blue Grass, IA","Lone Tree, IA",0,4,0,0,0,4,1,3,0,4,2002
5114,"Blue Grass, IA","Marshalltown, IA",3,0,1,0,0,4,1,3,0,4,2002
5130,"Blue Grass, IA","Tipton, IA",1,3,0,0,3,1,1,3,0,4,2002
5129,"Blue Grass, IA","Stockton, IA",0,2,2,1,2,1,2,1,1,4,2002
5121,"Blue Grass, IA","Osceola, IA",0,3,0,1,0,2,1,1,1,3,2002
5131,"Blue Grass, IA","University Heights, IA",2,1,0,0,3,0,1,2,0,3,2002
5082,"Blue Grass, IA","Burlington, IA",0,2,1,3,0,0,0,1,2,3,2002
5126,"Blue Grass, IA","Sergeant Bluff, IA",1,2,0,0,2,1,1,1,1,3,2002
5135,"Blue Grass, IA","Washington, IA",2,1,0,0,0,3,2,1,0,3,2002
5117,"Blue Grass, IA","Mount Pleasant, IA",0,3,0,1,0,2,0,3,0,3,2002
5119,"Blue Grass, IA","Nichols, IA",0,3,0,1,2,0,2,1,0,3,2002
5074,"Blue Grass, IA","Ankeny, IA",2,1,0,1,0,2,0,0,3,3,2002
5109,"Blue Grass, IA","Keokuk, IA",0,2,1,0,2,1,2,1,0,3,2002
5113,"Blue Grass, IA","Long Grove, IA",2,1,0,0,3,0,2,1,0,3,2002
5102,"Blue Grass, IA","Grand Mound, IA",1,1,0,0,0,2,1,0,1,2,2002
5136,"Blue Grass, IA","Waukee, IA",2,0,0,0,1,1,1,1,0,2,2002
5127,"Blue Grass, IA","Sioux City, IA",1,1,0,0,1,1,1,0,1,2,2002
5097,"Blue Grass, IA","Fairfield, IA",0,2,0,0,1,1,0,1,1,2,2002
5132,"Blue Grass, IA","University Park, IA",0,2,0,0,0,2,0,2,0,2,2002
5120,"Blue Grass, IA","Norwalk, IA",1,0,1,0,1,1,2,0,0,2,2002
5111,"Blue Grass, IA","Le Claire, IA",1,1,0,2,0,0,1,0,1,2,2002
5141,"Blue Grass, IA","West Point, IA",0,0,1,1,0,0,0,1,0,1,2002
5103,"Blue Grass, IA","Grimes, IA",0,1,0,0,0,1,0,0,1,1,2002
5098,"Blue Grass, IA","Forest City, IA",0,1,0,0,1,0,0,1,0,1,2002
5100,"Blue Grass, IA","Fort Madison, IA",1,0,0,0,1,0,0,0,1,1,2002
5137,"Blue Grass, IA","Wellman, IA",0,0,1,0,1,0,1,0,0,1,2002
5075,"Blue Grass, IA","Arthur, IA",0,0,1,0,0,1,1,0,0,1,2002
5080,"Blue Grass, IA","Bonaparte, IA",0,1,0,0,1,0,0,1,0,1,2002
5115,"Blue Grass, IA","Middletown, IA",0,1,0,0,0,1,1,0,0,1,2002
5106,"Blue Grass, IA","Hiawatha, IA",0,1,0,0,0,1,1,0,0,1,2002
5104,"Blue Grass, IA","Grinnell, IA",0,0,1,0,0,1,0,1,0,1,2002
5105,"Blue Grass, IA","Harvey, IA",0,1,0,0,0,1,0,0,1,1,2002
5116,"Blue Grass, IA","Monroe, IA",0,1,0,1,0,0,1,0,0,1,2002
5128,"Blue Grass, IA","Springville, IA",1,0,0,0,0,1,0,0,1,1,2002
5107,"Blue Grass, IA","Indianola, IA",0,0,1,0,1,0,1,0,0,1,2002
5125,"Blue Grass, IA","Riverside, IA",1,0,0,0,0,1,1,0,0,1,2002
5083,"Blue Grass, IA","Camanche, IA",1,0,0,0,0,1,1,0,0,1,2002
5110,"Blue Grass, IA","Knoxville, IA",0,1,0,1,0,0,0,0,1,1,2002
5086,"Blue Grass, IA","Clinton, IA",1,0,0,0,0,1,1,0,0,1,2002
5092,"Blue Grass, IA","Delta, IA",0,1,0,1,0,0,0,0,1,1,2002
