,home city,work city,Age [0-29],Age [30-54],Age [55+],Jobs: Goods Producing,Jobs: Other,"Jobs: Trade, Transport, Utilities","Salary, Monthly [0-1250]","Salary, Monthly [1251-3333]","Salary, Monthly [3334+]",total jobs,Year
29382,"Marion, IA","Cedar Rapids, IA",207,684,150,203,652,186,260,349,432,1041,2002
29420,"Marion, IA","Hiawatha, IA",130,307,71,75,333,100,168,194,146,508,2002
29423,"Marion, IA","Iowa City, IA",28,94,10,5,122,5,9,64,59,132,2002
29435,"Marion, IA","Marion, IA",17,73,31,23,43,55,27,33,61,121,2002
29409,"Marion, IA","Fairfax, IA",14,49,7,32,16,22,16,20,34,70,2002
29407,"Marion, IA","Ely, IA",8,49,13,10,58,2,12,22,36,70,2002
29400,"Marion, IA","Des Moines, IA",15,48,6,0,35,34,11,27,31,69,2002
29458,"Marion, IA","Robins, IA",14,33,15,11,32,19,22,15,25,62,2002
29473,"Marion, IA","Waterloo, IA",24,20,7,2,42,7,10,30,11,51,2002
29465,"Marion, IA","University Heights, IA",10,30,5,3,42,0,4,18,23,45,2002
29401,"Marion, IA","Dubuque, IA",7,32,5,1,41,2,20,19,5,44,2002
29459,"Marion, IA","Shueyville, IA",5,35,2,4,26,12,17,8,17,42,2002
29444,"Marion, IA","Muscatine, IA",19,21,1,10,26,5,17,16,8,41,2002
29381,"Marion, IA","Cedar Falls, IA",11,25,3,0,29,10,19,15,5,39,2002
29397,"Marion, IA","Davenport, IA",14,16,4,3,20,11,14,13,7,34,2002
29450,"Marion, IA","Palo, IA",6,22,3,12,17,2,5,14,12,31,2002
29446,"Marion, IA","Newton, IA",0,20,2,20,0,2,2,0,20,22,2002
29389,"Marion, IA","Clinton, IA",3,12,2,10,4,3,3,8,6,17,2002
29378,"Marion, IA","Burlington, IA",11,5,0,2,13,1,11,2,3,16,2002
29438,"Marion, IA","Mason City, IA",8,6,1,0,14,1,3,7,5,15,2002
29478,"Marion, IA","West Burlington, IA",3,10,2,1,3,11,4,9,2,15,2002
29441,"Marion, IA","Monticello, IA",1,12,2,4,8,3,5,9,1,15,2002
29468,"Marion, IA","Urbandale, IA",8,6,0,0,6,8,4,7,3,14,2002
29405,"Marion, IA","Eldridge, IA",3,9,1,0,8,5,5,4,4,13,2002
29368,"Marion, IA","Ames, IA",6,5,2,2,9,2,10,3,0,13,2002
29371,"Marion, IA","Asbury, IA",0,9,3,0,9,3,1,6,5,12,2002
29449,"Marion, IA","Ottumwa, IA",6,4,2,0,3,9,8,4,0,12,2002
29432,"Marion, IA","Manchester, IA",6,3,2,1,5,5,1,8,2,11,2002
29390,"Marion, IA","Clive, IA",3,6,2,0,8,3,5,3,3,11,2002
29377,"Marion, IA","Blairstown, IA",0,11,0,7,3,1,0,8,3,11,2002
29469,"Marion, IA","Vinton, IA",0,8,2,0,9,1,1,0,9,10,2002
29384,"Marion, IA","Center Point, IA",3,5,2,3,7,0,5,4,1,10,2002
29421,"Marion, IA","Independence, IA",4,4,1,0,5,4,2,6,1,9,2002
29470,"Marion, IA","Walford, IA",1,6,2,3,3,3,0,6,3,9,2002
29392,"Marion, IA","Coralville, IA",5,3,0,2,1,5,2,4,2,8,2002
29376,"Marion, IA","Bettendorf, IA",3,2,3,0,5,3,4,3,1,8,2002
29411,"Marion, IA","Fort Dodge, IA",2,4,1,1,1,5,2,1,4,7,2002
29387,"Marion, IA","Charles City, IA",3,4,0,1,5,1,2,2,3,7,2002
29410,"Marion, IA","Fairfield, IA",5,1,0,0,1,5,0,4,2,6,2002
29445,"Marion, IA","New Hampton, IA",3,1,2,0,5,1,0,5,1,6,2002
29436,"Marion, IA","Marshalltown, IA",0,2,4,0,6,0,5,1,0,6,2002
29460,"Marion, IA","Springville, IA",1,4,1,1,4,1,2,2,2,6,2002
29370,"Marion, IA","Ankeny, IA",1,5,0,1,2,3,1,1,4,6,2002
29386,"Marion, IA","Central City, IA",1,5,0,0,6,0,3,3,0,6,2002
29461,"Marion, IA","Storm Lake, IA",2,3,0,0,4,1,3,2,0,5,2002
29402,"Marion, IA","Dyersville, IA",1,3,1,1,3,1,1,3,1,5,2002
29467,"Marion, IA","Urbana, IA",3,1,1,1,4,0,4,0,1,5,2002
29375,"Marion, IA","Bertram, IA",0,2,3,0,1,4,0,1,4,5,2002
29480,"Marion, IA","West Liberty, IA",1,3,0,2,2,0,3,1,0,4,2002
29442,"Marion, IA","Mount Pleasant, IA",1,3,0,0,0,4,1,0,3,4,2002
29479,"Marion, IA","West Des Moines, IA",1,3,0,1,3,0,3,1,0,4,2002
29425,"Marion, IA","Johnston, IA",4,0,0,0,0,4,1,2,1,4,2002
29379,"Marion, IA","Bussey, IA",0,3,1,4,0,0,0,2,2,4,2002
29475,"Marion, IA","Waukee, IA",3,0,1,0,0,4,4,0,0,4,2002
29448,"Marion, IA","Oskaloosa, IA",0,4,0,2,0,2,0,2,2,4,2002
29462,"Marion, IA","Tiffin, IA",0,4,0,0,0,4,0,2,2,4,2002
29426,"Marion, IA","Keokuk, IA",1,2,1,1,1,2,1,2,1,4,2002
29422,"Marion, IA","Indianola, IA",0,1,2,0,2,1,1,1,1,3,2002
29447,"Marion, IA","Oelwein, IA",1,1,1,0,2,1,2,1,0,3,2002
29453,"Marion, IA","Pleasant Hill, IA",1,0,2,0,0,3,2,0,1,3,2002
29433,"Marion, IA","Maquoketa, IA",3,0,0,0,0,3,3,0,0,3,2002
29474,"Marion, IA","Waucoma, IA",0,0,2,0,0,2,0,2,0,2,2002
29472,"Marion, IA","Washington, IA",0,2,0,0,0,2,0,2,0,2,2002
29463,"Marion, IA","Tipton, IA",0,0,2,0,2,0,2,0,0,2,2002
29456,"Marion, IA","Rathbun, IA",0,2,0,0,0,2,0,0,2,2,2002
29439,"Marion, IA","Mediapolis, IA",0,2,0,0,0,2,0,0,2,2,2002
29437,"Marion, IA","Martelle, IA",1,0,1,1,1,0,1,0,1,2,2002
29481,"Marion, IA","West Union, IA",0,2,0,1,1,0,0,1,1,2,2002
29484,"Marion, IA","Windsor Heights, IA",1,1,0,0,1,1,2,0,0,2,2002
29429,"Marion, IA","Lisbon, IA",1,1,0,0,1,1,1,1,0,2,2002
29428,"Marion, IA","La Porte City, IA",0,2,0,0,2,0,0,2,0,2,2002
29369,"Marion, IA","Anamosa, IA",0,2,0,0,2,0,0,2,0,2,2002
29374,"Marion, IA","Aurora, IA",1,1,0,1,0,1,1,0,1,2,2002
29412,"Marion, IA","Fort Madison, IA",1,0,1,0,1,1,0,1,1,2,2002
29416,"Marion, IA","Grinnell, IA",1,1,0,0,0,2,2,0,0,2,2002
29413,"Marion, IA","Garner, IA",1,1,0,0,1,1,1,0,1,2,2002
29434,"Marion, IA","Marengo, IA",1,0,0,1,0,0,0,1,0,1,2002
29388,"Marion, IA","Clear Lake, IA",1,0,0,0,1,0,1,0,0,1,2002
29396,"Marion, IA","Danville, IA",0,1,0,0,0,1,0,1,0,1,2002
29466,"Marion, IA","University Park, IA",1,0,0,0,0,1,1,0,0,1,2002
29395,"Marion, IA","Creston, IA",0,1,0,0,0,1,0,1,0,1,2002
29394,"Marion, IA","Cresco, IA",0,1,0,0,1,0,1,0,0,1,2002
29393,"Marion, IA","Council Bluffs, IA",1,0,0,0,1,0,0,1,0,1,2002
29391,"Marion, IA","Coggon, IA",0,1,0,0,1,0,1,0,0,1,2002
29471,"Marion, IA","Wapello, IA",1,0,0,0,1,0,0,1,0,1,2002
29380,"Marion, IA","Camanche, IA",0,0,1,0,0,1,0,1,0,1,2002
29385,"Marion, IA","Centerville, IA",0,1,0,0,0,1,0,0,1,1,2002
29383,"Marion, IA","Center Junction, IA",0,0,1,0,0,1,1,0,0,1,2002
29398,"Marion, IA","De Witt, IA",0,0,1,0,1,0,1,0,0,1,2002
29476,"Marion, IA","West Bend, IA",0,0,1,0,1,0,0,0,1,1,2002
29477,"Marion, IA","West Branch, IA",1,0,0,0,1,0,1,0,0,1,2002
29373,"Marion, IA","Atkins, IA",0,1,0,0,1,0,0,1,0,1,2002
29372,"Marion, IA","Atalissa, IA",0,1,0,1,0,0,0,1,0,1,2002
29482,"Marion, IA","Wheatland, IA",1,0,0,0,1,0,0,1,0,1,2002
29483,"Marion, IA","Wilton, IA",0,0,1,1,0,0,1,0,0,1,2002
29464,"Marion, IA","Toledo, IA",0,1,0,0,1,0,0,1,0,1,2002
29404,"Marion, IA","Eldora, IA",1,0,0,0,1,0,0,1,0,1,2002
29399,"Marion, IA","Delaware, IA",0,1,0,1,0,0,0,0,1,1,2002
29415,"Marion, IA","Grimes, IA",1,0,0,0,0,1,0,1,0,1,2002
29430,"Marion, IA","Low Moor, IA",1,0,0,0,1,0,0,1,0,1,2002
29440,"Marion, IA","Middletown, IA",1,0,0,0,0,1,0,1,0,1,2002
29427,"Marion, IA","Kirkville, IA",0,1,0,1,0,0,0,1,0,1,2002
29443,"Marion, IA","Mount Vernon, IA",0,1,0,0,1,0,0,1,0,1,2002
29424,"Marion, IA","Jesup, IA",0,1,0,0,1,0,1,0,0,1,2002
29419,"Marion, IA","Hazleton, IA",1,0,0,1,0,0,1,0,0,1,2002
29418,"Marion, IA","Hampton, IA",0,1,0,0,1,0,1,0,0,1,2002
29417,"Marion, IA","Guttenberg, IA",0,0,1,0,0,1,1,0,0,1,2002
29414,"Marion, IA","Grand Mound, IA",1,0,0,1,0,0,0,0,1,1,2002
29403,"Marion, IA","Eddyville, IA",0,1,0,0,1,0,1,0,0,1,2002
29451,"Marion, IA","Parkersburg, IA",1,0,0,0,1,0,0,0,1,1,2002
29452,"Marion, IA","Pella, IA",1,0,0,0,0,1,1,0,0,1,2002
29454,"Marion, IA","Protivin, IA",0,1,0,0,1,0,1,0,0,1,2002
29455,"Marion, IA","Randalia, IA",0,0,1,0,0,1,0,1,0,1,2002
29457,"Marion, IA","Riverside, IA",1,0,0,0,0,1,0,1,0,1,2002
29408,"Marion, IA","Evansdale, IA",0,1,0,0,0,1,0,1,0,1,2002
29406,"Marion, IA","Elkader, IA",1,0,0,0,0,1,0,1,0,1,2002
29431,"Marion, IA","Lowden, IA",0,1,0,0,1,0,0,0,1,1,2002
29367,"Marion, IA","Algona, IA",0,1,0,0,0,1,0,0,1,1,2002
