,home city,work city,Age [0-29],Age [30-54],Age [55+],Jobs: Goods Producing,Jobs: Other,"Jobs: Trade, Transport, Utilities","Salary, Monthly [0-1250]","Salary, Monthly [1251-3333]","Salary, Monthly [3334+]",total jobs,Year
32198,"Montour, IA","Marshalltown, IA",29,93,23,68,60,17,33,73,39,145,2002
32228,"Montour, IA","Toledo, IA",21,67,22,0,98,12,26,75,9,110,2002
32172,"Montour, IA","Garwin, IA",12,29,12,14,29,10,26,20,7,53,2002
32138,"Montour, IA","Belle Plaine, IA",2,25,7,16,5,13,9,22,3,34,2002
32225,"Montour, IA","Tama, IA",4,20,7,11,7,13,9,16,6,31,2002
32160,"Montour, IA","Elberon, IA",3,16,0,9,5,5,2,17,0,19,2002
32174,"Montour, IA","Grinnell, IA",7,8,3,7,10,1,3,13,2,18,2002
32238,"Montour, IA","Waterloo, IA",5,8,2,2,7,6,6,6,3,15,2002
32140,"Montour, IA","Blairstown, IA",5,8,0,11,2,0,4,9,0,13,2002
32144,"Montour, IA","Cedar Rapids, IA",5,6,2,3,8,2,2,9,2,13,2002
32156,"Montour, IA","Des Moines, IA",3,8,2,0,12,1,5,5,3,13,2002
32158,"Montour, IA","Dubuque, IA",1,5,4,3,2,5,4,5,1,10,2002
32208,"Montour, IA","Newton, IA",1,8,1,1,4,5,2,7,1,10,2002
32229,"Montour, IA","Traer, IA",5,3,1,0,6,3,6,3,0,9,2002
32202,"Montour, IA","Montour, IA",5,3,1,2,6,1,8,1,0,9,2002
32196,"Montour, IA","Marengo, IA",2,6,1,1,5,3,0,8,1,9,2002
32243,"Montour, IA","Williamsburg, IA",4,1,3,8,0,0,0,7,1,8,2002
32131,"Montour, IA","Ames, IA",3,5,0,1,2,5,1,6,1,8,2002
32148,"Montour, IA","Clive, IA",3,3,2,0,6,2,3,4,1,8,2002
32180,"Montour, IA","Iowa City, IA",2,3,2,2,4,1,4,3,0,7,2002
32241,"Montour, IA","West Des Moines, IA",3,3,1,4,1,2,3,3,1,7,2002
32159,"Montour, IA","Dysart, IA",1,4,1,3,0,3,0,4,2,6,2002
32173,"Montour, IA","Gilman, IA",0,4,2,3,3,0,1,5,0,6,2002
32233,"Montour, IA","Victor, IA",1,5,0,5,0,1,0,6,0,6,2002
32177,"Montour, IA","Hiawatha, IA",2,2,2,2,4,0,2,2,2,6,2002
32142,"Montour, IA","Brooklyn, IA",0,4,1,5,0,0,0,0,5,5,2002
32199,"Montour, IA","Mason City, IA",1,2,2,0,0,5,3,2,0,5,2002
32132,"Montour, IA","Anamosa, IA",2,2,1,0,4,1,0,2,3,5,2002
32213,"Montour, IA","Ottumwa, IA",4,0,1,1,2,2,3,1,1,5,2002
32151,"Montour, IA","Conrad, IA",0,4,0,0,3,1,0,1,3,4,2002
32218,"Montour, IA","Pleasant Hill, IA",2,2,0,3,0,1,0,2,2,4,2002
32205,"Montour, IA","Muscatine, IA",1,3,0,0,1,3,1,2,1,4,2002
32237,"Montour, IA","Washington, IA",2,2,0,0,3,1,2,2,0,4,2002
32235,"Montour, IA","Vinton, IA",0,4,0,0,3,1,0,3,1,4,2002
32182,"Montour, IA","Johnston, IA",2,2,0,1,1,2,1,1,2,4,2002
32232,"Montour, IA","Urbandale, IA",1,1,1,0,1,2,2,0,1,3,2002
32222,"Montour, IA","Shueyville, IA",0,1,2,0,1,2,1,1,1,3,2002
32194,"Montour, IA","Malcom, IA",0,3,0,0,3,0,1,1,1,3,2002
32178,"Montour, IA","Independence, IA",1,2,0,0,1,2,0,2,1,3,2002
32188,"Montour, IA","Le Grand, IA",0,3,0,1,0,2,1,2,0,3,2002
32211,"Montour, IA","Norway, IA",2,0,1,0,2,1,1,2,0,3,2002
32201,"Montour, IA","Montezuma, IA",1,2,0,2,0,1,2,1,0,3,2002
32239,"Montour, IA","Waukee, IA",2,0,1,0,0,3,2,1,0,3,2002
32152,"Montour, IA","Coralville, IA",2,1,0,0,1,2,2,1,0,3,2002
32147,"Montour, IA","Clinton, IA",2,1,0,0,2,1,1,2,0,3,2002
32204,"Montour, IA","Mount Pleasant, IA",1,1,1,0,0,3,1,2,0,3,2002
32234,"Montour, IA","Vining, IA",0,2,1,0,2,1,2,1,0,3,2002
32242,"Montour, IA","West Union, IA",1,2,0,1,2,0,0,3,0,3,2002
32137,"Montour, IA","Beaman, IA",1,2,0,0,2,1,0,2,1,3,2002
32220,"Montour, IA","Robins, IA",0,2,0,0,1,1,1,0,1,2,2002
32212,"Montour, IA","Oskaloosa, IA",1,1,0,0,2,0,0,1,1,2,2002
32224,"Montour, IA","Stanley, IA",1,0,1,0,1,1,0,1,1,2,2002
32217,"Montour, IA","Parkersburg, IA",1,1,0,0,1,1,1,0,1,2,2002
32210,"Montour, IA","North Liberty, IA",2,0,0,0,1,1,2,0,0,2,2002
32191,"Montour, IA","Low Moor, IA",0,1,1,0,0,2,1,1,0,2,2002
32130,"Montour, IA","Altoona, IA",0,2,0,0,2,0,0,2,0,2,2002
32219,"Montour, IA","Prairie City, IA",0,1,1,1,0,1,1,0,1,2,2002
32129,"Montour, IA","Allison, IA",0,2,0,0,0,2,0,2,0,2,2002
32157,"Montour, IA","Dike, IA",0,2,0,0,2,0,0,1,1,2,2002
32236,"Montour, IA","Walford, IA",0,1,1,1,1,0,1,1,0,2,2002
32133,"Montour, IA","Ankeny, IA",1,0,1,0,0,2,1,0,1,2,2002
32135,"Montour, IA","Atkins, IA",1,0,1,1,1,0,1,1,0,2,2002
32136,"Montour, IA","Aurora, IA",0,1,1,1,0,1,0,2,0,2,2002
32141,"Montour, IA","Boone, IA",0,1,1,0,1,1,0,2,0,2,2002
32143,"Montour, IA","Cedar Falls, IA",1,1,0,0,2,0,1,0,1,2,2002
32145,"Montour, IA","Chariton, IA",2,0,0,0,0,2,2,0,0,2,2002
32146,"Montour, IA","Charles City, IA",0,0,2,0,2,0,1,1,0,2,2002
32150,"Montour, IA","Colfax, IA",1,0,1,0,1,1,2,0,0,2,2002
32155,"Montour, IA","Davenport, IA",1,1,0,0,0,2,0,1,1,2,2002
32185,"Montour, IA","Knoxville, IA",0,2,0,0,2,0,0,2,0,2,2002
32171,"Montour, IA","Fort Dodge, IA",1,1,0,1,1,0,2,0,0,2,2002
32166,"Montour, IA","Evansdale, IA",1,1,0,1,0,1,0,2,0,2,2002
32230,"Montour, IA","University Heights, IA",1,1,0,0,1,1,1,1,0,2,2002
32175,"Montour, IA","Hampton, IA",1,1,0,1,0,1,1,1,0,2,2002
32179,"Montour, IA","Indianola, IA",1,0,1,0,2,0,1,0,1,2,2002
32184,"Montour, IA","Keystone, IA",1,0,1,1,0,1,1,1,0,2,2002
32231,"Montour, IA","Urbana, IA",0,1,0,1,0,0,0,1,0,1,2002
32240,"Montour, IA","Waverly, IA",1,0,0,0,0,1,1,0,0,1,2002
32221,"Montour, IA","Sageville, IA",0,1,0,1,0,0,0,1,0,1,2002
32214,"Montour, IA","Owasa, IA",0,1,0,0,0,1,0,1,0,1,2002
32216,"Montour, IA","Palo, IA",0,0,1,0,1,0,0,0,1,1,2002
32223,"Montour, IA","Sioux City, IA",0,1,0,0,0,1,0,0,1,1,2002
32215,"Montour, IA","Oxford, IA",0,1,0,0,0,1,0,0,1,1,2002
32227,"Montour, IA","Tipton, IA",0,1,0,1,0,0,0,1,0,1,2002
32226,"Montour, IA","Tiffin, IA",0,1,0,0,0,1,0,1,0,1,2002
32187,"Montour, IA","Lake Mills, IA",1,0,0,0,1,0,1,0,0,1,2002
32209,"Montour, IA","North English, IA",0,0,1,0,0,1,0,1,0,1,2002
32207,"Montour, IA","New Hartford, IA",0,0,1,0,1,0,1,0,0,1,2002
32134,"Montour, IA","Asbury, IA",1,0,0,0,0,1,1,0,0,1,2002
32139,"Montour, IA","Bettendorf, IA",0,1,0,0,1,0,0,1,0,1,2002
32149,"Montour, IA","Clutier, IA",0,0,1,0,0,1,0,1,0,1,2002
32153,"Montour, IA","Corydon, IA",0,1,0,0,1,0,1,0,0,1,2002
32154,"Montour, IA","Cresco, IA",0,1,0,1,0,0,0,1,0,1,2002
32161,"Montour, IA","Eldora, IA",0,1,0,0,0,1,0,0,1,1,2002
32162,"Montour, IA","Eldridge, IA",0,1,0,0,1,0,0,1,0,1,2002
32163,"Montour, IA","Elk Run Heights, IA",0,1,0,1,0,0,0,1,0,1,2002
32164,"Montour, IA","Ellsworth, IA",1,0,0,1,0,0,0,1,0,1,2002
32165,"Montour, IA","Ely, IA",0,1,0,0,1,0,0,1,0,1,2002
32167,"Montour, IA","Fairfax, IA",0,0,1,1,0,0,0,0,1,1,2002
32168,"Montour, IA","Fairfield, IA",1,0,0,0,0,1,1,0,0,1,2002
32169,"Montour, IA","Ferguson, IA",0,0,1,0,1,0,0,1,0,1,2002
32170,"Montour, IA","Floyd, IA",1,0,0,0,1,0,0,1,0,1,2002
32176,"Montour, IA","Haverhill, IA",0,0,1,1,0,0,1,0,0,1,2002
32181,"Montour, IA","Iowa Falls, IA",0,1,0,0,0,1,0,1,0,1,2002
32183,"Montour, IA","Kamrar, IA",1,0,0,1,0,0,0,1,0,1,2002
32186,"Montour, IA","Lacona, IA",0,1,0,0,1,0,0,1,0,1,2002
32189,"Montour, IA","Lincoln, IA",1,0,0,0,0,1,1,0,0,1,2002
32190,"Montour, IA","Liscomb, IA",0,1,0,0,1,0,1,0,0,1,2002
32192,"Montour, IA","Luther, IA",0,1,0,0,0,1,1,0,0,1,2002
32193,"Montour, IA","Lynnville, IA",0,1,0,0,1,0,0,0,1,1,2002
32195,"Montour, IA","Marble Rock, IA",0,1,0,0,1,0,0,0,1,1,2002
32197,"Montour, IA","Marion, IA",1,0,0,1,0,0,1,0,0,1,2002
32200,"Montour, IA","Melbourne, IA",0,0,1,0,1,0,1,0,0,1,2002
32203,"Montour, IA","Morrison, IA",0,0,1,1,0,0,1,0,0,1,2002
32206,"Montour, IA","Nevada, IA",0,1,0,1,0,0,1,0,0,1,2002
32244,"Montour, IA","Windsor Heights, IA",0,1,0,0,0,1,1,0,0,1,2002
