,home city,work city,Age [0-29],Age [30-54],Age [55+],Jobs: Goods Producing,Jobs: Other,"Jobs: Trade, Transport, Utilities","Salary, Monthly [0-1250]","Salary, Monthly [1251-3333]","Salary, Monthly [3334+]",total jobs,Year
14096,"Dysart, IA","Waterloo, IA",10,85,10,18,72,15,16,60,29,105,2002
14035,"Dysart, IA","Dysart, IA",19,47,27,5,59,29,52,29,12,93,2002
14089,"Dysart, IA","Toledo, IA",13,32,18,0,59,4,13,42,8,63,2002
14015,"Dysart, IA","Cedar Falls, IA",7,23,14,13,24,7,21,12,11,44,2002
14090,"Dysart, IA","Traer, IA",15,14,9,0,30,8,25,10,3,38,2002
14016,"Dysart, IA","Cedar Rapids, IA",6,21,3,7,15,8,9,15,6,30,2002
14037,"Dysart, IA","Elberon, IA",3,20,5,25,1,2,2,17,9,28,2002
14067,"Dysart, IA","Marshalltown, IA",3,17,5,8,16,1,4,13,8,25,2002
14080,"Dysart, IA","Ottumwa, IA",4,13,3,6,6,8,5,9,6,20,2002
14094,"Dysart, IA","Vinton, IA",3,11,4,2,14,2,4,13,1,18,2002
14010,"Dysart, IA","Belle Plaine, IA",1,11,3,9,3,3,1,12,2,15,2002
14041,"Dysart, IA","Evansdale, IA",7,5,3,3,12,0,4,5,6,15,2002
14060,"Dysart, IA","La Porte City, IA",2,12,1,1,14,0,3,3,9,15,2002
14039,"Dysart, IA","Elk Run Heights, IA",0,11,3,14,0,0,0,1,13,14,2002
14032,"Dysart, IA","Des Moines, IA",2,9,3,0,12,2,2,11,1,14,2002
14072,"Dysart, IA","Mount Auburn, IA",1,9,3,0,13,0,4,1,8,13,2002
14069,"Dysart, IA","Mason City, IA",2,9,1,0,0,12,4,8,0,12,2002
14020,"Dysart, IA","Clutier, IA",1,6,5,0,6,6,6,5,1,12,2002
14050,"Dysart, IA","Hiawatha, IA",4,5,3,2,7,3,4,6,2,12,2002
14084,"Dysart, IA","Reinbeck, IA",2,6,0,0,5,3,6,2,0,8,2002
14054,"Dysart, IA","Iowa City, IA",4,2,2,2,4,2,4,4,0,8,2002
14019,"Dysart, IA","Clive, IA",4,2,1,0,3,4,2,4,1,7,2002
14053,"Dysart, IA","Indianola, IA",0,3,3,2,3,1,1,5,0,6,2002
14088,"Dysart, IA","Tama, IA",0,6,0,2,3,1,1,1,4,6,2002
14101,"Dysart, IA","Windsor Heights, IA",5,0,1,0,3,3,3,2,1,6,2002
14009,"Dysart, IA","Ankeny, IA",2,3,0,2,1,2,2,1,2,5,2002
14012,"Dysart, IA","Blairstown, IA",2,3,0,3,2,0,1,3,1,5,2002
14077,"Dysart, IA","Norway, IA",0,5,0,3,2,0,0,4,1,5,2002
14049,"Dysart, IA","Grinnell, IA",1,4,0,4,1,0,0,4,1,5,2002
14057,"Dysart, IA","Johnston, IA",0,4,1,0,1,4,1,1,3,5,2002
14013,"Dysart, IA","Boone, IA",1,2,1,3,1,0,0,3,1,4,2002
14052,"Dysart, IA","Independence, IA",0,4,0,1,3,0,0,4,0,4,2002
14051,"Dysart, IA","Hudson, IA",0,2,2,0,3,1,2,0,2,4,2002
14011,"Dysart, IA","Bettendorf, IA",3,1,0,0,4,0,3,1,0,4,2002
14092,"Dysart, IA","Urbandale, IA",1,3,0,1,3,0,2,2,0,4,2002
14042,"Dysart, IA","Fairfax, IA",0,2,2,3,0,1,0,1,3,4,2002
14034,"Dysart, IA","Dubuque, IA",1,2,1,0,1,3,1,1,2,4,2002
14100,"Dysart, IA","Williamsburg, IA",1,3,0,3,0,1,1,3,0,4,2002
14007,"Dysart, IA","Ames, IA",1,2,0,0,2,1,1,2,0,3,2002
14040,"Dysart, IA","Ely, IA",0,3,0,2,1,0,1,2,0,3,2002
14014,"Dysart, IA","Brooklyn, IA",0,3,0,3,0,0,0,0,3,3,2002
14078,"Dysart, IA","Oelwein, IA",1,2,0,0,2,1,2,1,0,3,2002
14071,"Dysart, IA","Morrison, IA",0,3,0,1,1,1,0,1,2,3,2002
14061,"Dysart, IA","Lawler, IA",0,2,0,2,0,0,2,0,0,2,2002
14058,"Dysart, IA","Kellogg, IA",0,2,0,2,0,0,0,2,0,2,2002
14062,"Dysart, IA","Lincoln, IA",0,2,0,0,1,1,1,1,0,2,2002
14063,"Dysart, IA","Lisbon, IA",2,0,0,0,2,0,2,0,0,2,2002
14087,"Dysart, IA","Sigourney, IA",1,1,0,0,2,0,1,1,0,2,2002
14048,"Dysart, IA","Grimes, IA",0,2,0,1,1,0,0,2,0,2,2002
14075,"Dysart, IA","Newton, IA",0,2,0,2,0,0,0,2,0,2,2002
14047,"Dysart, IA","Garwin, IA",1,1,0,0,1,1,0,1,1,2,2002
14017,"Dysart, IA","Chariton, IA",1,1,0,0,2,0,0,2,0,2,2002
14008,"Dysart, IA","Andover, IA",0,2,0,2,0,0,1,0,1,2,2002
14073,"Dysart, IA","Muscatine, IA",2,0,0,0,2,0,0,2,0,2,2002
14064,"Dysart, IA","Low Moor, IA",0,1,1,0,0,2,0,2,0,2,2002
14081,"Dysart, IA","Panorama Park, IA",0,1,0,0,0,1,1,0,0,1,2002
14083,"Dysart, IA","Preston, IA",0,1,0,0,1,0,1,0,0,1,2002
14082,"Dysart, IA","Pleasant Hill, IA",0,0,1,0,0,1,1,0,0,1,2002
14079,"Dysart, IA","Otho, IA",0,1,0,0,0,1,1,0,0,1,2002
14031,"Dysart, IA","Denver, IA",0,1,0,0,1,0,0,1,0,1,2002
14085,"Dysart, IA","Robins, IA",1,0,0,0,0,1,0,0,1,1,2002
14086,"Dysart, IA","Shueyville, IA",0,1,0,0,0,1,0,1,0,1,2002
14091,"Dysart, IA","University Heights, IA",1,0,0,0,1,0,0,1,0,1,2002
14093,"Dysart, IA","Victor, IA",1,0,0,1,0,0,0,1,0,1,2002
14095,"Dysart, IA","Walford, IA",0,1,0,0,1,0,1,0,0,1,2002
14097,"Dysart, IA","Waukee, IA",0,1,0,0,1,0,0,1,0,1,2002
14098,"Dysart, IA","Waverly, IA",0,1,0,0,0,1,0,1,0,1,2002
14099,"Dysart, IA","West Des Moines, IA",0,1,0,0,1,0,1,0,0,1,2002
14076,"Dysart, IA","North Liberty, IA",0,1,0,0,0,1,1,0,0,1,2002
14066,"Dysart, IA","Marion, IA",0,1,0,0,0,1,0,0,1,1,2002
14074,"Dysart, IA","New Hartford, IA",0,1,0,0,0,1,0,1,0,1,2002
14018,"Dysart, IA","Clinton, IA",1,0,0,0,0,1,1,0,0,1,2002
14033,"Dysart, IA","Dike, IA",0,1,0,0,0,1,0,0,1,1,2002
14029,"Dysart, IA","De Witt, IA",0,1,0,1,0,0,0,0,1,1,2002
14036,"Dysart, IA","Eddyville, IA",0,1,0,0,0,1,1,0,0,1,2002
14028,"Dysart, IA","De Soto, IA",1,0,0,0,0,1,1,0,0,1,2002
14038,"Dysart, IA","Eldridge, IA",0,1,0,0,0,1,1,0,0,1,2002
14027,"Dysart, IA","Davenport, IA",0,0,1,0,0,1,0,1,0,1,2002
14026,"Dysart, IA","Danville, IA",0,0,1,0,1,0,1,0,0,1,2002
14043,"Dysart, IA","Fairfield, IA",1,0,0,0,0,1,1,0,0,1,2002
14044,"Dysart, IA","Fayette, IA",0,0,1,0,1,0,0,0,1,1,2002
14045,"Dysart, IA","Ferguson, IA",1,0,0,1,0,0,0,1,0,1,2002
14046,"Dysart, IA","Fort Dodge, IA",0,1,0,0,1,0,0,1,0,1,2002
14025,"Dysart, IA","Council Bluffs, IA",1,0,0,0,0,1,1,0,0,1,2002
14024,"Dysart, IA","Coralville, IA",1,0,0,0,0,1,0,1,0,1,2002
14055,"Dysart, IA","Iowa Falls, IA",1,0,0,0,0,1,1,0,0,1,2002
14056,"Dysart, IA","Jesup, IA",0,1,0,0,1,0,0,1,0,1,2002
14059,"Dysart, IA","Keystone, IA",0,1,0,1,0,0,0,1,0,1,2002
14023,"Dysart, IA","Conrad, IA",1,0,0,0,1,0,1,0,0,1,2002
14065,"Dysart, IA","Manchester, IA",1,0,0,0,1,0,0,1,0,1,2002
14030,"Dysart, IA","Decorah, IA",1,0,0,0,1,0,1,0,0,1,2002
14022,"Dysart, IA","Colwell, IA",1,0,0,1,0,0,0,1,0,1,2002
14068,"Dysart, IA","Martelle, IA",0,0,1,0,0,1,0,0,1,1,2002
14021,"Dysart, IA","Colfax, IA",0,1,0,0,0,1,1,0,0,1,2002
14070,"Dysart, IA","Montour, IA",0,0,1,0,0,1,1,0,0,1,2002
14006,"Dysart, IA","Altoona, IA",0,1,0,0,0,1,1,0,0,1,2002
