,home city,work city,Age [0-29],Age [30-54],Age [55+],Jobs: Goods Producing,Jobs: Other,"Jobs: Trade, Transport, Utilities","Salary, Monthly [0-1250]","Salary, Monthly [1251-3333]","Salary, Monthly [3334+]",total jobs,Year
12288,"Defiance, IA","Harlan, IA",9,25,10,9,21,14,22,14,8,44,2002
12281,"Defiance, IA","Elk Horn, IA",5,23,14,1,33,8,19,14,9,42,2002
12290,"Defiance, IA","Irwin, IA",2,7,6,0,4,11,7,6,2,15,2002
12319,"Defiance, IA","Tennant, IA",1,8,5,2,8,4,6,7,1,14,2002
12269,"Defiance, IA","Carroll, IA",6,5,0,0,7,4,6,5,0,11,2002
12266,"Defiance, IA","Atlantic, IA",1,9,0,3,6,1,1,5,4,10,2002
12294,"Defiance, IA","Kirkman, IA",2,3,4,0,3,6,9,0,0,9,2002
12279,"Defiance, IA","Denison, IA",1,8,0,3,4,2,2,5,2,9,2002
12278,"Defiance, IA","Defiance, IA",1,5,3,2,3,4,1,6,2,9,2002
12299,"Defiance, IA","Manilla, IA",0,4,4,0,8,0,3,5,0,8,2002
12285,"Defiance, IA","Glenwood, IA",1,3,3,1,5,1,3,3,1,7,2002
12277,"Defiance, IA","Council Bluffs, IA",3,3,0,0,5,1,2,3,1,6,2002
12312,"Defiance, IA","Shelby, IA",1,4,0,0,2,3,2,2,1,5,2002
12306,"Defiance, IA","Onawa, IA",0,2,3,0,4,1,3,1,1,5,2002
12267,"Defiance, IA","Audubon, IA",0,4,0,2,1,1,0,4,0,4,2002
12318,"Defiance, IA","Storm Lake, IA",2,1,1,0,0,4,3,1,0,4,2002
12264,"Defiance, IA","Ames, IA",2,2,0,0,4,0,2,1,1,4,2002
12292,"Defiance, IA","Kimballton, IA",1,2,0,0,1,2,1,2,0,3,2002
12313,"Defiance, IA","Sheldon, IA",0,3,0,1,0,2,0,2,1,3,2002
12309,"Defiance, IA","Red Oak, IA",0,2,1,0,3,0,1,2,0,3,2002
12310,"Defiance, IA","Rock Rapids, IA",1,2,0,0,2,1,2,1,0,3,2002
12326,"Defiance, IA","Windsor Heights, IA",1,1,1,0,2,1,2,1,0,3,2002
12280,"Defiance, IA","Eldora, IA",0,2,1,0,0,3,0,3,0,3,2002
12272,"Defiance, IA","Cedar Rapids, IA",1,1,1,2,1,0,1,1,1,3,2002
12296,"Defiance, IA","Le Mars, IA",0,1,1,0,0,2,1,1,0,2,2002
12283,"Defiance, IA","Estherville, IA",1,0,1,0,1,1,2,0,0,2,2002
12305,"Defiance, IA","New Hampton, IA",1,1,0,0,2,0,1,1,0,2,2002
12304,"Defiance, IA","Mount Ayr, IA",1,1,0,0,2,0,1,1,0,2,2002
12301,"Defiance, IA","Manson, IA",2,0,0,0,1,1,2,0,0,2,2002
12300,"Defiance, IA","Manning, IA",0,2,0,0,1,1,1,1,0,2,2002
12276,"Defiance, IA","Clive, IA",2,0,0,0,1,1,2,0,0,2,2002
12284,"Defiance, IA","Fort Dodge, IA",1,0,1,0,0,2,2,0,0,2,2002
12320,"Defiance, IA","Urbandale, IA",2,0,0,0,2,0,2,0,0,2,2002
12316,"Defiance, IA","Sioux City, IA",2,0,0,0,2,0,2,0,0,2,2002
12324,"Defiance, IA","Webster City, IA",0,1,0,0,0,1,0,1,0,1,2002
12317,"Defiance, IA","Steamboat Rock, IA",0,1,0,0,0,1,0,1,0,1,2002
12311,"Defiance, IA","Rockwell City, IA",0,1,0,0,0,1,1,0,0,1,2002
12325,"Defiance, IA","West Des Moines, IA",0,1,0,0,1,0,1,0,0,1,2002
12314,"Defiance, IA","Shenandoah, IA",0,0,1,0,1,0,1,0,0,1,2002
12323,"Defiance, IA","Waverly, IA",1,0,0,0,1,0,0,0,1,1,2002
12315,"Defiance, IA","Sibley, IA",1,0,0,0,1,0,0,1,0,1,2002
12321,"Defiance, IA","Walnut, IA",1,0,0,0,0,1,1,0,0,1,2002
12322,"Defiance, IA","Waterloo, IA",0,1,0,1,0,0,0,1,0,1,2002
12308,"Defiance, IA","Paullina, IA",0,1,0,0,1,0,1,0,0,1,2002
12263,"Defiance, IA","Afton, IA",0,1,0,1,0,0,0,1,0,1,2002
12307,"Defiance, IA","Panama, IA",1,0,0,0,1,0,0,1,0,1,2002
12282,"Defiance, IA","Ely, IA",0,1,0,0,1,0,0,1,0,1,2002
12265,"Defiance, IA","Ankeny, IA",0,1,0,1,0,0,0,1,0,1,2002
12268,"Defiance, IA","Bagley, IA",0,1,0,1,0,0,0,1,0,1,2002
12270,"Defiance, IA","Carter Lake, IA",1,0,0,1,0,0,1,0,0,1,2002
12271,"Defiance, IA","Cedar Falls, IA",1,0,0,1,0,0,0,1,0,1,2002
12273,"Defiance, IA","Charles City, IA",0,1,0,0,1,0,1,0,0,1,2002
12274,"Defiance, IA","Cherokee, IA",0,1,0,0,0,1,0,1,0,1,2002
12275,"Defiance, IA","Clear Lake, IA",0,1,0,0,0,1,1,0,0,1,2002
12286,"Defiance, IA","Greene, IA",0,1,0,0,0,1,1,0,0,1,2002
12303,"Defiance, IA","Mondamin, IA",1,0,0,0,0,1,0,1,0,1,2002
12287,"Defiance, IA","Greenfield, IA",1,0,0,0,0,1,1,0,0,1,2002
12289,"Defiance, IA","Ida Grove, IA",0,0,1,0,0,1,0,1,0,1,2002
12291,"Defiance, IA","Johnston, IA",1,0,0,0,1,0,1,0,0,1,2002
12293,"Defiance, IA","Kingsley, IA",1,0,0,0,1,0,1,0,0,1,2002
12297,"Defiance, IA","Linden, IA",0,0,1,0,0,1,1,0,0,1,2002
12298,"Defiance, IA","Logan, IA",1,0,0,0,0,1,0,1,0,1,2002
12302,"Defiance, IA","Missouri Valley, IA",1,0,0,0,0,1,1,0,0,1,2002
12295,"Defiance, IA","Larrabee, IA",0,1,0,0,0,1,0,1,0,1,2002
