,home city,work city,Age [0-29],Age [30-54],Age [55+],Jobs: Goods Producing,Jobs: Other,"Jobs: Trade, Transport, Utilities","Salary, Monthly [0-1250]","Salary, Monthly [1251-3333]","Salary, Monthly [3334+]",total jobs,Year
30716,"Melbourne, IA","Marshalltown, IA",47,112,40,93,86,20,58,76,65,199,2002
30692,"Melbourne, IA","Des Moines, IA",6,25,5,2,19,15,11,17,8,36,2002
30675,"Melbourne, IA","Ames, IA",4,21,3,10,17,1,6,11,11,28,2002
30725,"Melbourne, IA","Newton, IA",8,19,1,20,7,1,5,14,9,28,2002
30703,"Melbourne, IA","Haverhill, IA",1,10,4,4,10,1,4,9,2,15,2002
30683,"Melbourne, IA","Cedar Falls, IA",8,2,3,4,2,7,7,5,1,13,2002
30721,"Melbourne, IA","Nevada, IA",8,3,1,7,4,1,3,7,2,12,2002
30687,"Melbourne, IA","Clive, IA",7,2,1,0,7,3,0,10,0,10,2002
30739,"Melbourne, IA","Urbandale, IA",4,4,1,3,6,0,2,5,2,9,2002
30733,"Melbourne, IA","State Center, IA",3,5,0,1,6,1,4,2,2,8,2002
30717,"Melbourne, IA","Melbourne, IA",1,7,0,1,3,4,3,5,0,8,2002
30731,"Melbourne, IA","Rhodes, IA",2,4,1,0,4,3,5,2,0,7,2002
30737,"Melbourne, IA","Toledo, IA",1,6,0,0,7,0,1,5,1,7,2002
30677,"Melbourne, IA","Baxter, IA",2,5,0,0,5,2,4,3,0,7,2002
30707,"Melbourne, IA","Iowa City, IA",1,2,3,0,3,3,4,1,1,6,2002
30676,"Melbourne, IA","Ankeny, IA",0,4,2,2,1,3,1,4,1,6,2002
30730,"Melbourne, IA","Reasnor, IA",1,4,0,1,4,0,1,2,2,5,2002
30712,"Melbourne, IA","Le Grand, IA",1,3,0,1,3,0,1,3,0,4,2002
30701,"Melbourne, IA","Grinnell, IA",1,3,0,1,3,0,2,2,0,4,2002
30689,"Melbourne, IA","Colo, IA",1,3,0,0,3,1,3,0,1,4,2002
30684,"Melbourne, IA","Cedar Rapids, IA",1,2,1,0,2,2,0,4,0,4,2002
30681,"Melbourne, IA","Boone, IA",2,2,0,1,3,0,1,3,0,4,2002
30699,"Melbourne, IA","Gilman, IA",1,2,0,0,2,1,1,1,1,3,2002
30708,"Melbourne, IA","Jesup, IA",0,0,3,0,2,1,2,1,0,3,2002
30734,"Melbourne, IA","Story City, IA",2,1,0,1,2,0,2,1,0,3,2002
30673,"Melbourne, IA","Albion, IA",1,2,0,2,0,1,0,3,0,3,2002
30746,"Melbourne, IA","Windsor Heights, IA",0,2,1,0,1,2,1,2,0,3,2002
30691,"Melbourne, IA","Davenport, IA",1,2,0,0,1,2,1,1,1,3,2002
30680,"Melbourne, IA","Bettendorf, IA",2,1,0,0,1,2,2,1,0,3,2002
30682,"Melbourne, IA","Brooklyn, IA",2,1,0,3,0,0,0,0,3,3,2002
30686,"Melbourne, IA","Clarksville, IA",1,1,1,0,1,2,1,1,1,3,2002
30690,"Melbourne, IA","Conrad, IA",0,2,1,0,3,0,0,2,1,3,2002
30674,"Melbourne, IA","Altoona, IA",1,1,0,0,2,0,1,1,0,2,2002
30735,"Melbourne, IA","Stratford, IA",1,1,0,0,1,1,1,1,0,2,2002
30714,"Melbourne, IA","Lynnville, IA",0,1,1,0,1,1,1,1,0,2,2002
30738,"Melbourne, IA","University Heights, IA",2,0,0,0,2,0,2,0,0,2,2002
30709,"Melbourne, IA","Johnston, IA",1,1,0,0,1,1,1,0,1,2,2002
30718,"Melbourne, IA","Mitchellville, IA",0,2,0,0,2,0,0,1,1,2,2002
30742,"Melbourne, IA","Waverly, IA",2,0,0,0,0,2,2,0,0,2,2002
30743,"Melbourne, IA","West Des Moines, IA",0,2,0,0,0,2,0,2,0,2,2002
30724,"Melbourne, IA","New London, IA",1,0,1,0,2,0,2,0,0,2,2002
30688,"Melbourne, IA","Colfax, IA",1,1,0,0,1,1,0,1,1,2,2002
30685,"Melbourne, IA","Chariton, IA",1,0,0,0,0,1,1,0,0,1,2002
30732,"Melbourne, IA","Shell Rock, IA",0,1,0,0,1,0,1,0,0,1,2002
30700,"Melbourne, IA","Grimes, IA",0,1,0,1,0,0,0,0,1,1,2002
30736,"Melbourne, IA","Tiffin, IA",1,0,0,0,0,1,1,0,0,1,2002
30728,"Melbourne, IA","Pleasant Hill, IA",0,1,0,0,1,0,0,1,0,1,2002
30679,"Melbourne, IA","Belmond, IA",0,1,0,1,0,0,0,0,1,1,2002
30678,"Melbourne, IA","Beaman, IA",0,0,1,0,1,0,0,1,0,1,2002
30740,"Melbourne, IA","Washington, IA",0,0,1,0,0,1,0,1,0,1,2002
30741,"Melbourne, IA","Waterloo, IA",0,1,0,1,0,0,0,0,1,1,2002
30744,"Melbourne, IA","West Union, IA",0,1,0,0,1,0,0,1,0,1,2002
30745,"Melbourne, IA","Williamsburg, IA",0,1,0,0,0,1,0,1,0,1,2002
30729,"Melbourne, IA","Prairie City, IA",1,0,0,0,0,1,0,1,0,1,2002
30723,"Melbourne, IA","New Hartford, IA",0,1,0,0,0,1,1,0,0,1,2002
30727,"Melbourne, IA","Ottumwa, IA",0,1,0,0,0,1,1,0,0,1,2002
30711,"Melbourne, IA","Keota, IA",0,1,0,0,1,0,0,0,1,1,2002
30702,"Melbourne, IA","Grundy Center, IA",0,1,0,0,0,1,0,1,0,1,2002
30697,"Melbourne, IA","Fort Dodge, IA",0,1,0,1,0,0,0,0,1,1,2002
30704,"Melbourne, IA","Hiawatha, IA",0,1,0,1,0,0,0,0,1,1,2002
30705,"Melbourne, IA","Huxley, IA",0,1,0,0,1,0,0,0,1,1,2002
30706,"Melbourne, IA","Indianola, IA",0,1,0,1,0,0,0,1,0,1,2002
30696,"Melbourne, IA","Fairfax, IA",1,0,0,0,0,1,1,0,0,1,2002
30695,"Melbourne, IA","Elkader, IA",0,0,1,0,0,1,0,0,1,1,2002
30694,"Melbourne, IA","Elk Run Heights, IA",0,1,0,1,0,0,0,0,1,1,2002
30726,"Melbourne, IA","Oelwein, IA",0,1,0,0,0,1,0,1,0,1,2002
30713,"Melbourne, IA","Liscomb, IA",0,1,0,1,0,0,0,1,0,1,2002
30715,"Melbourne, IA","Maquoketa, IA",0,1,0,0,0,1,0,1,0,1,2002
30693,"Melbourne, IA","Eldora, IA",1,0,0,1,0,0,1,0,0,1,2002
30719,"Melbourne, IA","Mount Pleasant, IA",1,0,0,0,0,1,0,1,0,1,2002
30720,"Melbourne, IA","Muscatine, IA",1,0,0,0,0,1,1,0,0,1,2002
30722,"Melbourne, IA","New Hampton, IA",0,1,0,0,0,1,0,1,0,1,2002
30698,"Melbourne, IA","Gilbert, IA",0,1,0,1,0,0,0,1,0,1,2002
30710,"Melbourne, IA","Kellogg, IA",1,0,0,1,0,0,0,1,0,1,2002
