,home city,work city,Age [0-29],Age [30-54],Age [55+],Jobs: Goods Producing,Jobs: Other,"Jobs: Trade, Transport, Utilities","Salary, Monthly [0-1250]","Salary, Monthly [1251-3333]","Salary, Monthly [3334+]",total jobs,Year
31630,"Mitchellville, IA","Des Moines, IA",121,442,102,90,463,112,101,315,249,665,2002
31656,"Mitchellville, IA","Mitchellville, IA",32,119,40,12,172,7,81,77,33,191,2002
31613,"Mitchellville, IA","Altoona, IA",74,82,32,16,146,26,89,74,25,188,2002
31615,"Mitchellville, IA","Ankeny, IA",44,69,29,36,52,54,53,49,40,142,2002
31663,"Mitchellville, IA","Pleasant Hill, IA",34,45,12,15,52,24,33,39,19,91,2002
31676,"Mitchellville, IA","Urbandale, IA",21,44,6,9,31,31,20,31,20,71,2002
31622,"Mitchellville, IA","Clive, IA",15,43,3,1,56,4,11,31,19,61,2002
31658,"Mitchellville, IA","Newton, IA",7,41,9,22,29,6,9,25,23,57,2002
31678,"Mitchellville, IA","West Des Moines, IA",6,46,5,12,31,14,9,27,21,57,2002
31679,"Mitchellville, IA","Windsor Heights, IA",3,25,5,6,18,9,18,9,6,33,2002
31644,"Mitchellville, IA","Johnston, IA",10,11,4,4,14,7,7,12,6,25,2002
31614,"Mitchellville, IA","Ames, IA",11,14,0,2,18,5,10,10,5,25,2002
31616,"Mitchellville, IA","Baxter, IA",3,11,10,1,15,8,11,9,4,24,2002
31659,"Mitchellville, IA","Norwalk, IA",8,11,0,1,13,5,8,6,5,19,2002
31670,"Mitchellville, IA","Runnells, IA",0,12,2,5,8,1,3,7,4,14,2002
31677,"Mitchellville, IA","Waukee, IA",6,6,0,3,7,2,2,7,3,12,2002
31618,"Mitchellville, IA","Boone, IA",7,1,1,0,0,9,6,3,0,9,2002
31638,"Mitchellville, IA","Grimes, IA",2,6,1,6,0,3,1,7,1,9,2002
31620,"Mitchellville, IA","Carlisle, IA",3,5,0,1,3,4,2,5,1,8,2002
31654,"Mitchellville, IA","Maxwell, IA",3,3,2,0,8,0,7,1,0,8,2002
31623,"Mitchellville, IA","Colfax, IA",1,3,3,1,4,2,4,2,1,7,2002
31666,"Mitchellville, IA","Prairie City, IA",2,4,1,1,5,1,4,3,0,7,2002
31625,"Mitchellville, IA","Council Bluffs, IA",3,2,1,0,2,4,5,1,0,6,2002
31665,"Mitchellville, IA","Polk City, IA",0,6,0,4,2,0,2,0,4,6,2002
31667,"Mitchellville, IA","Reasnor, IA",2,3,1,0,6,0,2,3,1,6,2002
31612,"Mitchellville, IA","Allison, IA",3,2,1,0,6,0,1,4,1,6,2002
31672,"Mitchellville, IA","Sioux City, IA",2,3,0,2,2,1,1,4,0,5,2002
31617,"Mitchellville, IA","Bondurant, IA",1,2,2,1,2,2,3,2,0,5,2002
31640,"Mitchellville, IA","Harvey, IA",0,5,0,5,0,0,0,2,3,5,2002
31642,"Mitchellville, IA","Indianola, IA",1,1,2,0,4,0,0,4,0,4,2002
31680,"Mitchellville, IA","Winterset, IA",2,2,0,2,0,2,2,0,2,4,2002
31639,"Mitchellville, IA","Grinnell, IA",2,2,0,2,1,1,3,1,0,4,2002
31626,"Mitchellville, IA","Dallas Center, IA",0,4,0,0,0,4,1,0,3,4,2002
31634,"Mitchellville, IA","Fort Dodge, IA",0,4,0,3,1,0,0,2,2,4,2002
31652,"Mitchellville, IA","Madrid, IA",0,2,1,2,0,1,0,1,2,3,2002
31624,"Mitchellville, IA","Colo, IA",1,2,0,0,2,1,2,1,0,3,2002
31657,"Mitchellville, IA","Monroe, IA",0,2,1,0,3,0,0,0,3,3,2002
31627,"Mitchellville, IA","Davenport, IA",1,2,0,0,2,1,1,1,1,3,2002
31629,"Mitchellville, IA","De Soto, IA",0,2,1,0,1,2,0,2,1,3,2002
31651,"Mitchellville, IA","Lynnville, IA",1,0,2,0,3,0,0,3,0,3,2002
31647,"Mitchellville, IA","Knoxville, IA",0,3,0,0,0,3,3,0,0,3,2002
31661,"Mitchellville, IA","Ottumwa, IA",0,2,1,2,0,1,1,1,1,3,2002
31674,"Mitchellville, IA","Swan, IA",0,2,0,2,0,0,2,0,0,2,2002
31673,"Mitchellville, IA","Stanhope, IA",0,1,1,2,0,0,0,1,1,2,2002
31671,"Mitchellville, IA","Sergeant Bluff, IA",0,2,0,1,0,1,0,2,0,2,2002
31662,"Mitchellville, IA","Perry, IA",2,0,0,0,0,2,1,1,0,2,2002
31669,"Mitchellville, IA","Roland, IA",0,1,0,0,1,0,1,0,0,1,2002
31664,"Mitchellville, IA","Pleasantville, IA",1,0,0,0,0,1,1,0,0,1,2002
31675,"Mitchellville, IA","Underwood, IA",1,0,0,0,1,0,0,0,1,1,2002
31668,"Mitchellville, IA","Redfield, IA",0,0,1,1,0,0,0,1,0,1,2002
31611,"Mitchellville, IA","Adel, IA",0,1,0,0,1,0,0,1,0,1,2002
31660,"Mitchellville, IA","Oskaloosa, IA",0,1,0,0,1,0,1,0,0,1,2002
31636,"Mitchellville, IA","Gilman, IA",1,0,0,0,1,0,0,1,0,1,2002
31619,"Mitchellville, IA","Brooklyn, IA",0,0,1,1,0,0,0,1,0,1,2002
31621,"Mitchellville, IA","Castalia, IA",0,1,0,1,0,0,0,0,1,1,2002
31628,"Mitchellville, IA","Dayton, IA",0,1,0,0,1,0,1,0,0,1,2002
31631,"Mitchellville, IA","Dexter, IA",0,1,0,0,1,0,0,1,0,1,2002
31632,"Mitchellville, IA","Dolliver, IA",1,0,0,0,1,0,0,1,0,1,2002
31633,"Mitchellville, IA","Elk Run Heights, IA",0,0,1,1,0,0,1,0,0,1,2002
31635,"Mitchellville, IA","Garwin, IA",0,1,0,0,1,0,0,1,0,1,2002
31637,"Mitchellville, IA","Granger, IA",0,1,0,0,0,1,1,0,0,1,2002
31655,"Mitchellville, IA","Melbourne, IA",0,1,0,0,1,0,1,0,0,1,2002
31641,"Mitchellville, IA","Haverhill, IA",0,1,0,0,1,0,1,0,0,1,2002
31643,"Mitchellville, IA","Iowa City, IA",0,1,0,1,0,0,0,0,1,1,2002
31645,"Mitchellville, IA","Kellogg, IA",1,0,0,1,0,0,0,1,0,1,2002
31648,"Mitchellville, IA","Lacona, IA",0,1,0,0,0,1,0,1,0,1,2002
31649,"Mitchellville, IA","Lake View, IA",0,1,0,0,1,0,0,0,1,1,2002
31650,"Mitchellville, IA","Lenox, IA",1,0,0,0,1,0,1,0,0,1,2002
31653,"Mitchellville, IA","Marshalltown, IA",0,1,0,0,1,0,0,1,0,1,2002
31646,"Mitchellville, IA","Kirkville, IA",0,1,0,0,1,0,1,0,0,1,2002
