,home city,work city,Age [0-29],Age [30-54],Age [55+],Jobs: Goods Producing,Jobs: Other,"Jobs: Trade, Transport, Utilities","Salary, Monthly [0-1250]","Salary, Monthly [1251-3333]","Salary, Monthly [3334+]",total jobs,Year
13340,"Donnellson, IA","Fort Madison, IA",65,346,87,228,211,59,100,234,164,498,2002
13333,"Donnellson, IA","Donnellson, IA",57,159,70,26,210,50,135,108,43,286,2002
13357,"Donnellson, IA","Mount Pleasant, IA",46,120,28,86,68,40,36,119,39,194,2002
13349,"Donnellson, IA","Keokuk, IA",23,137,23,85,75,23,62,78,43,183,2002
13324,"Donnellson, IA","Burlington, IA",24,38,5,35,16,16,19,30,18,67,2002
13344,"Donnellson, IA","Houghton, IA",12,34,4,2,20,28,26,17,7,50,2002
13341,"Donnellson, IA","Franklin, IA",14,22,10,4,30,12,26,16,4,46,2002
13379,"Donnellson, IA","West Burlington, IA",9,29,5,9,18,16,13,18,12,43,2002
13355,"Donnellson, IA","Montrose, IA",3,13,5,4,10,7,7,6,8,21,2002
13350,"Donnellson, IA","Keosauqua, IA",6,9,4,12,7,0,2,16,1,19,2002
13336,"Donnellson, IA","Fairfield, IA",4,12,2,3,11,4,9,7,2,18,2002
13373,"Donnellson, IA","St. Paul, IA",6,9,2,4,11,2,10,5,2,17,2002
13352,"Donnellson, IA","Middletown, IA",0,9,7,15,0,1,1,12,3,16,2002
13347,"Donnellson, IA","Iowa City, IA",10,4,0,0,8,6,9,3,2,14,2002
13365,"Donnellson, IA","Ottumwa, IA",8,5,1,0,3,11,8,6,0,14,2002
13359,"Donnellson, IA","Muscatine, IA",3,8,1,2,5,5,7,4,1,12,2002
13321,"Donnellson, IA","Bettendorf, IA",6,5,1,0,4,8,9,2,1,12,2002
13332,"Donnellson, IA","Des Moines, IA",3,5,2,0,8,2,4,5,1,10,2002
13377,"Donnellson, IA","Washington, IA",1,5,3,1,3,5,6,3,0,9,2002
13375,"Donnellson, IA","University Heights, IA",6,3,0,0,6,3,6,1,2,9,2002
13330,"Donnellson, IA","Davenport, IA",3,4,1,0,4,4,5,3,0,8,2002
13335,"Donnellson, IA","Eldridge, IA",6,2,0,0,6,2,7,1,0,8,2002
13337,"Donnellson, IA","Farmington, IA",2,3,3,0,5,3,7,1,0,8,2002
13323,"Donnellson, IA","Bonaparte, IA",2,4,2,4,3,1,4,4,0,8,2002
13376,"Donnellson, IA","Urbandale, IA",3,3,0,0,2,4,2,3,1,6,2002
13362,"Donnellson, IA","Newton, IA",2,4,0,0,0,6,0,6,0,6,2002
13326,"Donnellson, IA","Clive, IA",3,0,2,0,4,1,3,0,2,5,2002
13380,"Donnellson, IA","West Des Moines, IA",0,3,1,0,3,1,2,0,2,4,2002
13381,"Donnellson, IA","West Point, IA",0,4,0,0,2,2,1,3,0,4,2002
13361,"Donnellson, IA","New London, IA",2,2,0,0,2,2,0,4,0,4,2002
13382,"Donnellson, IA","Windsor Heights, IA",2,2,0,0,1,3,2,2,0,4,2002
13339,"Donnellson, IA","Fort Dodge, IA",1,3,0,1,2,1,1,2,1,4,2002
13329,"Donnellson, IA","Creston, IA",3,1,0,0,2,2,4,0,0,4,2002
13366,"Donnellson, IA","Panorama Park, IA",0,3,0,0,2,1,1,1,1,3,2002
13325,"Donnellson, IA","Cantril, IA",0,3,0,2,1,0,0,3,0,3,2002
13368,"Donnellson, IA","Riverdale, IA",0,2,1,0,3,0,0,2,1,3,2002
13319,"Donnellson, IA","Ankeny, IA",2,1,0,0,0,3,2,1,0,3,2002
13318,"Donnellson, IA","Ames, IA",2,1,0,1,0,2,2,0,1,3,2002
13358,"Donnellson, IA","Mount Union, IA",0,1,1,0,0,2,0,2,0,2,2002
13320,"Donnellson, IA","Batavia, IA",0,2,0,0,2,0,0,2,0,2,2002
13378,"Donnellson, IA","Wellman, IA",0,1,1,0,1,1,1,1,0,2,2002
13328,"Donnellson, IA","Council Bluffs, IA",0,2,0,0,0,2,0,1,1,2,2002
13367,"Donnellson, IA","Pleasant Hill, IA",1,1,0,0,1,1,1,1,0,2,2002
13353,"Donnellson, IA","Milton, IA",0,1,1,0,2,0,1,1,0,2,2002
13356,"Donnellson, IA","Morning Sun, IA",0,0,1,0,1,0,0,0,1,1,2002
13371,"Donnellson, IA","Salem, IA",1,0,0,0,0,1,0,1,0,1,2002
13322,"Donnellson, IA","Bloomfield, IA",0,1,0,0,0,1,0,1,0,1,2002
13351,"Donnellson, IA","Le Claire, IA",1,0,0,0,0,1,1,0,0,1,2002
13327,"Donnellson, IA","Coralville, IA",1,0,0,0,1,0,1,0,0,1,2002
13346,"Donnellson, IA","Indianola, IA",1,0,0,0,0,1,1,0,0,1,2002
13374,"Donnellson, IA","Tipton, IA",0,0,1,1,0,0,0,0,1,1,2002
13331,"Donnellson, IA","Decorah, IA",0,1,0,0,1,0,0,1,0,1,2002
13372,"Donnellson, IA","Solon, IA",0,1,0,0,0,1,1,0,0,1,2002
13369,"Donnellson, IA","Riverside, IA",0,1,0,0,0,1,0,0,1,1,2002
13370,"Donnellson, IA","Rome, IA",0,1,0,0,0,1,0,1,0,1,2002
13343,"Donnellson, IA","Hillsboro, IA",0,1,0,1,0,0,0,1,0,1,2002
13354,"Donnellson, IA","Missouri Valley, IA",0,0,1,1,0,0,0,0,1,1,2002
13334,"Donnellson, IA","Eldon, IA",0,1,0,0,1,0,0,1,0,1,2002
13364,"Donnellson, IA","Norwalk, IA",0,0,1,0,0,1,0,1,0,1,2002
13363,"Donnellson, IA","Nichols, IA",0,1,0,0,0,1,0,1,0,1,2002
13338,"Donnellson, IA","Floris, IA",0,1,0,0,0,1,0,1,0,1,2002
13345,"Donnellson, IA","Huxley, IA",0,1,0,0,1,0,0,1,0,1,2002
13360,"Donnellson, IA","Nevada, IA",1,0,0,0,1,0,1,0,0,1,2002
13342,"Donnellson, IA","Grandview, IA",0,1,0,0,1,0,0,1,0,1,2002
13348,"Donnellson, IA","Kalona, IA",0,0,1,0,0,1,1,0,0,1,2002
