,home city,work city,Age [0-29],Age [30-54],Age [55+],Jobs: Goods Producing,Jobs: Other,"Jobs: Trade, Transport, Utilities","Salary, Monthly [0-1250]","Salary, Monthly [1251-3333]","Salary, Monthly [3334+]",total jobs,Year
1156,"Algona, IA","Algona, IA",536,1354,469,528,1331,500,911,1118,330,2359,2002
1239,"Algona, IA","Whittemore, IA",17,46,10,34,33,6,25,43,5,73,2002
1231,"Algona, IA","Swea City, IA",27,39,4,31,27,12,23,34,13,70,2002
1208,"Algona, IA","Mason City, IA",15,36,15,0,41,25,28,15,23,66,2002
1188,"Algona, IA","Fort Dodge, IA",12,41,4,9,35,13,22,27,8,57,2002
1180,"Algona, IA","Des Moines, IA",10,27,3,3,31,6,10,19,11,40,2002
1175,"Algona, IA","Crystal Lake, IA",8,19,11,24,3,11,13,23,2,38,2002
1196,"Algona, IA","Humboldt, IA",8,20,5,15,11,7,8,18,7,33,2002
1177,"Algona, IA","Dakota City, IA",6,17,6,21,4,4,6,21,2,29,2002
1157,"Algona, IA","Ames, IA",13,11,1,2,15,8,14,4,7,25,2002
1206,"Algona, IA","Lone Rock, IA",9,10,5,1,19,4,9,13,2,24,2002
1228,"Algona, IA","Storm Lake, IA",9,12,1,0,17,5,18,3,1,22,2002
1234,"Algona, IA","Urbandale, IA",4,11,3,1,11,6,5,10,3,18,2002
1185,"Algona, IA","Fenton, IA",3,13,2,1,16,1,7,6,5,18,2002
1165,"Algona, IA","Britt, IA",7,9,1,4,6,7,3,6,8,17,2002
1172,"Algona, IA","Corwith, IA",4,8,2,0,14,0,3,11,0,14,2002
1171,"Algona, IA","Clive, IA",1,9,3,0,7,6,4,5,4,13,2002
1233,"Algona, IA","Titonka, IA",2,4,6,1,2,9,6,3,3,12,2002
1242,"Algona, IA","Woden, IA",1,8,3,0,8,4,8,3,1,12,2002
1158,"Algona, IA","Ankeny, IA",6,5,1,0,5,7,5,5,2,12,2002
1237,"Algona, IA","West Bend, IA",5,4,3,3,3,6,5,6,1,12,2002
1176,"Algona, IA","Curlew, IA",3,6,2,8,1,2,2,5,4,11,2002
1205,"Algona, IA","Livermore, IA",1,7,2,2,5,3,6,3,1,10,2002
1169,"Algona, IA","Charles City, IA",1,8,1,1,2,7,6,4,0,10,2002
1191,"Algona, IA","Graettinger, IA",6,3,1,2,6,2,5,5,0,10,2002
1170,"Algona, IA","Clear Lake, IA",6,3,0,0,8,1,6,3,0,9,2002
1236,"Algona, IA","Webster City, IA",3,6,0,1,1,7,4,4,1,9,2002
1184,"Algona, IA","Estherville, IA",7,1,0,0,6,2,8,0,0,8,2002
1173,"Algona, IA","Council Bluffs, IA",3,3,2,6,0,2,0,6,2,8,2002
1183,"Algona, IA","Emmetsburg, IA",1,5,0,5,1,0,0,0,6,6,2002
1225,"Algona, IA","Spirit Lake, IA",5,1,0,0,0,6,6,0,0,6,2002
1194,"Algona, IA","Havelock, IA",0,6,0,5,0,1,0,6,0,6,2002
1241,"Algona, IA","Windsor Heights, IA",3,3,0,0,3,3,4,1,1,6,2002
1163,"Algona, IA","Belmond, IA",1,1,3,0,3,2,1,1,3,5,2002
1238,"Algona, IA","West Des Moines, IA",2,2,1,1,2,2,0,2,3,5,2002
1179,"Algona, IA","Decorah, IA",3,1,1,0,2,3,3,2,0,5,2002
1222,"Algona, IA","Rutland, IA",0,3,2,0,2,3,0,3,2,5,2002
1226,"Algona, IA","St. Ansgar, IA",2,3,0,0,5,0,2,3,0,5,2002
1168,"Algona, IA","Cedar Falls, IA",3,1,0,0,2,2,3,1,0,4,2002
1187,"Algona, IA","Forest City, IA",2,1,1,0,4,0,1,2,1,4,2002
1224,"Algona, IA","Sioux City, IA",2,2,0,0,2,2,2,1,1,4,2002
1159,"Algona, IA","Armstrong, IA",0,4,0,4,0,0,3,1,0,4,2002
1218,"Algona, IA","Pocahontas, IA",1,2,0,0,1,2,1,2,0,3,2002
1232,"Algona, IA","Thompson, IA",0,2,1,0,0,3,0,1,2,3,2002
1199,"Algona, IA","Johnston, IA",0,3,0,0,0,3,0,1,2,3,2002
1164,"Algona, IA","Bettendorf, IA",1,2,0,0,1,2,3,0,0,3,2002
1197,"Algona, IA","Iowa Falls, IA",1,2,0,0,0,3,1,2,0,3,2002
1178,"Algona, IA","Davenport, IA",1,2,0,0,2,1,0,3,0,3,2002
1200,"Algona, IA","Lake Mills, IA",0,0,2,0,0,2,0,2,0,2,2002
1215,"Algona, IA","Ottumwa, IA",0,2,0,1,1,0,0,1,1,2,2002
1162,"Algona, IA","Bedford, IA",1,1,0,0,1,1,1,1,0,2,2002
1166,"Algona, IA","Buffalo Center, IA",0,2,0,0,0,2,0,0,2,2,2002
1235,"Algona, IA","Waverly, IA",1,0,1,0,0,2,2,0,0,2,2002
1230,"Algona, IA","Superior, IA",0,2,0,0,1,1,0,0,2,2,2002
1189,"Algona, IA","Garner, IA",1,1,0,1,0,1,0,1,1,2,2002
1192,"Algona, IA","Hampton, IA",2,0,0,0,0,2,2,0,0,2,2002
1201,"Algona, IA","Lakeside, IA",0,1,1,0,0,2,1,1,0,2,2002
1220,"Algona, IA","Protivin, IA",0,2,0,1,1,0,0,2,0,2,2002
1219,"Algona, IA","Popejoy, IA",1,1,0,1,0,1,2,0,0,2,2002
1217,"Algona, IA","Pleasant Hill, IA",0,1,1,0,0,2,1,0,1,2,2002
1155,"Algona, IA","Alden, IA",0,2,0,2,0,0,0,0,2,2,2002
1204,"Algona, IA","Ledyard, IA",1,1,0,1,1,0,1,1,0,2,2002
1207,"Algona, IA","Marble Rock, IA",1,1,0,2,0,0,1,1,0,2,2002
1214,"Algona, IA","Ottosen, IA",0,1,1,1,0,1,0,2,0,2,2002
1216,"Algona, IA","Panama, IA",0,1,0,0,1,0,0,1,0,1,2002
1195,"Algona, IA","Hinton, IA",0,1,0,0,0,1,0,0,1,1,2002
1160,"Algona, IA","Arnolds Park, IA",0,0,1,0,1,0,0,1,0,1,2002
1240,"Algona, IA","Williams, IA",1,0,0,1,0,0,1,0,0,1,2002
1161,"Algona, IA","Bancroft, IA",0,1,0,0,1,0,1,0,0,1,2002
1202,"Algona, IA","Lakota, IA",0,1,0,0,1,0,0,0,1,1,2002
1203,"Algona, IA","Lawton, IA",0,1,0,0,0,1,0,1,0,1,2002
1198,"Algona, IA","Jewell Junction, IA",0,1,0,0,1,0,0,0,1,1,2002
1167,"Algona, IA","Carlisle, IA",0,1,0,0,0,1,1,0,0,1,2002
1174,"Algona, IA","Creston, IA",0,0,1,0,1,0,1,0,0,1,2002
1181,"Algona, IA","Eagle Grove, IA",0,1,0,0,1,0,0,0,1,1,2002
1229,"Algona, IA","Story City, IA",1,0,0,0,1,0,1,0,0,1,2002
1182,"Algona, IA","Eldridge, IA",1,0,0,0,1,0,1,0,0,1,2002
1227,"Algona, IA","Stacyville, IA",1,0,0,0,0,1,1,0,0,1,2002
1186,"Algona, IA","Floyd, IA",0,1,0,0,1,0,0,1,0,1,2002
1209,"Algona, IA","Morrison, IA",0,1,0,0,0,1,0,1,0,1,2002
1190,"Algona, IA","Gilbert, IA",1,0,0,0,0,1,0,1,0,1,2002
1223,"Algona, IA","Sac City, IA",1,0,0,0,0,1,0,1,0,1,2002
1210,"Algona, IA","Nevada, IA",0,0,1,0,1,0,1,0,0,1,2002
1211,"Algona, IA","New Hampton, IA",0,1,0,0,0,1,0,1,0,1,2002
1212,"Algona, IA","Nora Springs, IA",0,1,0,0,1,0,0,1,0,1,2002
1213,"Algona, IA","Northwood, IA",1,0,0,0,0,1,1,0,0,1,2002
1193,"Algona, IA","Hardy, IA",0,1,0,0,0,1,1,0,0,1,2002
1221,"Algona, IA","Ridgeway, IA",0,0,1,0,0,1,1,0,0,1,2002
