,home city,work city,Age [0-29],Age [30-54],Age [55+],Jobs: Goods Producing,Jobs: Other,"Jobs: Trade, Transport, Utilities","Salary, Monthly [0-1250]","Salary, Monthly [1251-3333]","Salary, Monthly [3334+]",total jobs,Year
14410,"Eddyville, IA","Albia, IA",52,90,41,31,129,23,90,72,21,183,2002
14480,"Eddyville, IA","Ottumwa, IA",36,104,20,40,94,26,51,74,35,160,2002
14479,"Eddyville, IA","Oskaloosa, IA",11,35,5,24,18,9,17,27,7,51,2002
14444,"Eddyville, IA","Eddyville, IA",14,24,11,19,23,7,19,22,8,49,2002
14440,"Eddyville, IA","Des Moines, IA",14,20,2,4,20,12,11,17,8,36,2002
14470,"Eddyville, IA","Melcher-Dallas, IA",7,24,3,33,1,0,1,31,2,34,2002
14456,"Eddyville, IA","Harvey, IA",4,19,0,23,0,0,0,23,0,23,2002
14500,"Eddyville, IA","University Park, IA",3,18,2,11,10,2,5,18,0,23,2002
14448,"Eddyville, IA","Fairfield, IA",6,8,4,4,11,3,6,10,2,18,2002
14463,"Eddyville, IA","Kirkville, IA",1,8,7,9,5,2,4,6,6,16,2002
14413,"Eddyville, IA","Ankeny, IA",2,10,0,4,3,5,3,6,3,12,2002
14464,"Eddyville, IA","Knoxville, IA",6,6,0,7,4,1,2,8,2,12,2002
14423,"Eddyville, IA","Bussey, IA",2,9,1,10,1,1,0,2,10,12,2002
14420,"Eddyville, IA","Blakesburg, IA",0,9,3,1,9,2,5,4,3,12,2002
14428,"Eddyville, IA","Centerville, IA",0,8,1,3,2,4,1,4,4,9,2002
14429,"Eddyville, IA","Chariton, IA",6,3,0,1,3,5,6,2,1,9,2002
14447,"Eddyville, IA","Fairfax, IA",4,3,1,0,0,8,7,0,1,8,2002
14431,"Eddyville, IA","Clive, IA",3,3,2,0,4,4,2,6,0,8,2002
14473,"Eddyville, IA","Moulton, IA",2,5,1,0,1,7,1,7,0,8,2002
14427,"Eddyville, IA","Cedar Rapids, IA",3,4,0,0,1,6,3,0,4,7,2002
14484,"Eddyville, IA","Pella, IA",1,6,0,1,5,1,3,4,0,7,2002
14474,"Eddyville, IA","Mount Pleasant, IA",3,3,1,2,0,5,5,1,1,7,2002
14412,"Eddyville, IA","Ames, IA",2,2,2,0,2,4,3,3,0,6,2002
14491,"Eddyville, IA","Richland, IA",3,3,0,0,1,5,2,3,1,6,2002
14477,"Eddyville, IA","Newton, IA",1,3,2,5,1,0,0,1,5,6,2002
14467,"Eddyville, IA","Lynnville, IA",3,1,2,3,1,2,5,1,0,6,2002
14478,"Eddyville, IA","Osceola, IA",0,3,2,1,0,4,2,0,3,5,2002
14460,"Eddyville, IA","Iowa City, IA",0,5,0,0,0,5,1,4,0,5,2002
14421,"Eddyville, IA","Bloomfield, IA",0,4,1,0,2,3,1,2,2,5,2002
14437,"Eddyville, IA","Davenport, IA",0,3,1,0,1,3,1,2,1,4,2002
14459,"Eddyville, IA","Indianola, IA",1,3,0,0,4,0,2,2,0,4,2002
14509,"Eddyville, IA","West Des Moines, IA",2,1,1,0,3,1,0,3,1,4,2002
14489,"Eddyville, IA","Rathbun, IA",0,4,0,0,3,1,1,1,2,4,2002
14472,"Eddyville, IA","Moravia, IA",0,2,2,0,3,1,0,3,1,4,2002
14436,"Eddyville, IA","Creston, IA",0,3,0,0,3,0,1,2,0,3,2002
14458,"Eddyville, IA","Hiawatha, IA",1,2,0,0,2,1,1,0,2,3,2002
14415,"Eddyville, IA","Batavia, IA",1,0,2,0,2,1,0,3,0,3,2002
14465,"Eddyville, IA","Lenox, IA",0,2,1,2,1,0,1,1,1,3,2002
14468,"Eddyville, IA","Marshalltown, IA",1,1,1,0,1,2,2,0,1,3,2002
14497,"Eddyville, IA","Toledo, IA",1,2,0,0,3,0,2,1,0,3,2002
14495,"Eddyville, IA","Sigourney, IA",0,3,0,0,1,2,0,3,0,3,2002
14445,"Eddyville, IA","Eldon, IA",1,1,1,1,0,2,1,2,0,3,2002
14442,"Eddyville, IA","Donnellson, IA",1,0,2,1,1,1,1,2,0,3,2002
14486,"Eddyville, IA","Pleasant Hill, IA",1,1,1,0,1,2,1,2,0,3,2002
14434,"Eddyville, IA","Corydon, IA",1,1,1,0,2,1,3,0,0,3,2002
14498,"Eddyville, IA","Unionville, IA",1,1,0,0,2,0,0,1,1,2,2002
14469,"Eddyville, IA","Mason City, IA",0,1,1,0,0,2,0,0,2,2,2002
14490,"Eddyville, IA","Red Oak, IA",1,1,0,0,0,2,2,0,0,2,2002
14501,"Eddyville, IA","Urbandale, IA",1,1,0,0,1,1,1,0,1,2,2002
14487,"Eddyville, IA","Pleasantville, IA",1,1,0,1,1,0,1,1,0,2,2002
14483,"Eddyville, IA","Patterson, IA",0,1,1,0,2,0,1,1,0,2,2002
14512,"Eddyville, IA","Windsor Heights, IA",0,2,0,0,1,1,1,1,0,2,2002
14430,"Eddyville, IA","Clarinda, IA",1,0,1,0,1,1,0,2,0,2,2002
14457,"Eddyville, IA","Hedrick, IA",2,0,0,0,0,2,1,1,0,2,2002
14455,"Eddyville, IA","Grinnell, IA",0,1,1,0,1,1,1,1,0,2,2002
14441,"Eddyville, IA","Dexter, IA",0,1,1,1,1,0,1,0,1,2,2002
14422,"Eddyville, IA","Boone, IA",2,0,0,1,0,1,2,0,0,2,2002
14414,"Eddyville, IA","Atlantic, IA",0,2,0,0,1,1,0,1,1,2,2002
14452,"Eddyville, IA","Fremont, IA",0,2,0,0,2,0,2,0,0,2,2002
14451,"Eddyville, IA","Fort Dodge, IA",0,2,0,0,0,2,0,1,1,2,2002
14438,"Eddyville, IA","De Witt, IA",0,2,0,2,0,0,0,0,2,2,2002
14443,"Eddyville, IA","Dubuque, IA",0,2,0,0,0,2,0,0,2,2,2002
14433,"Eddyville, IA","Coralville, IA",0,2,0,0,0,2,2,0,0,2,2002
14499,"Eddyville, IA","University Heights, IA",0,1,0,0,0,1,1,0,0,1,2002
14417,"Eddyville, IA","Belmond, IA",0,1,0,0,1,0,0,1,0,1,2002
14496,"Eddyville, IA","Sioux City, IA",0,1,0,0,1,0,1,0,0,1,2002
14418,"Eddyville, IA","Bettendorf, IA",1,0,0,0,0,1,0,1,0,1,2002
14419,"Eddyville, IA","Birmingham, IA",0,1,0,0,1,0,0,0,1,1,2002
14494,"Eddyville, IA","Seymour, IA",0,1,0,0,1,0,1,0,0,1,2002
14416,"Eddyville, IA","Belle Plaine, IA",0,1,0,0,0,1,0,1,0,1,2002
14503,"Eddyville, IA","Washington, IA",0,0,1,1,0,0,0,0,1,1,2002
14502,"Eddyville, IA","Walnut, IA",0,1,0,0,1,0,0,1,0,1,2002
14492,"Eddyville, IA","Robins, IA",1,0,0,0,0,1,1,0,0,1,2002
14504,"Eddyville, IA","Waterloo, IA",1,0,0,1,0,0,0,0,1,1,2002
14505,"Eddyville, IA","Waukee, IA",1,0,0,0,0,1,1,0,0,1,2002
14506,"Eddyville, IA","Webster City, IA",1,0,0,0,0,1,1,0,0,1,2002
14507,"Eddyville, IA","Webster, IA",0,1,0,1,0,0,0,1,0,1,2002
14508,"Eddyville, IA","Wellman, IA",0,1,0,0,1,0,0,1,0,1,2002
14510,"Eddyville, IA","What Cheer, IA",0,1,0,0,1,0,0,0,1,1,2002
14511,"Eddyville, IA","Williamsburg, IA",1,0,0,1,0,0,0,1,0,1,2002
14493,"Eddyville, IA","Rutland, IA",0,0,1,1,0,0,0,0,1,1,2002
14462,"Eddyville, IA","Jefferson, IA",0,1,0,1,0,0,1,0,0,1,2002
14424,"Eddyville, IA","Carlisle, IA",0,1,0,0,0,1,0,1,0,1,2002
14476,"Eddyville, IA","New Sharon, IA",0,1,0,1,0,0,0,1,0,1,2002
14466,"Eddyville, IA","Linden, IA",1,0,0,0,0,1,1,0,0,1,2002
14454,"Eddyville, IA","Gilman, IA",0,1,0,1,0,0,1,0,0,1,2002
14453,"Eddyville, IA","Gilbert, IA",0,1,0,1,0,0,0,1,0,1,2002
14471,"Eddyville, IA","Milton, IA",1,0,0,0,1,0,1,0,0,1,2002
14450,"Eddyville, IA","Farragut, IA",1,0,0,1,0,0,0,1,0,1,2002
14449,"Eddyville, IA","Farnhamville, IA",0,0,1,0,0,1,1,0,0,1,2002
14446,"Eddyville, IA","Eldridge, IA",0,1,0,0,1,0,0,1,0,1,2002
14475,"Eddyville, IA","Mystic, IA",0,1,0,0,1,0,1,0,0,1,2002
14439,"Eddyville, IA","Delta, IA",0,1,0,1,0,0,0,0,1,1,2002
14425,"Eddyville, IA","Castalia, IA",1,0,0,1,0,0,0,0,1,1,2002
14481,"Eddyville, IA","Packwood, IA",0,0,1,0,1,0,1,0,0,1,2002
14482,"Eddyville, IA","Panora, IA",0,1,0,0,1,0,0,1,0,1,2002
14435,"Eddyville, IA","Council Bluffs, IA",0,1,0,0,1,0,0,0,1,1,2002
14485,"Eddyville, IA","Perry, IA",1,0,0,0,0,1,1,0,0,1,2002
14432,"Eddyville, IA","Colo, IA",0,1,0,0,1,0,0,1,0,1,2002
14411,"Eddyville, IA","Altoona, IA",1,0,0,0,0,1,1,0,0,1,2002
14488,"Eddyville, IA","Polk City, IA",0,1,0,0,0,1,1,0,0,1,2002
14426,"Eddyville, IA","Cedar Falls, IA",0,1,0,0,0,1,0,0,1,1,2002
14461,"Eddyville, IA","Iowa Falls, IA",0,1,0,0,0,1,0,1,0,1,2002
