,home city,work city,Age [0-29],Age [30-54],Age [55+],Jobs: Goods Producing,Jobs: Other,"Jobs: Trade, Transport, Utilities","Salary, Monthly [0-1250]","Salary, Monthly [1251-3333]","Salary, Monthly [3334+]",total jobs,Year
2689,"Ashton, IA","Sheldon, IA",31,59,14,17,67,20,51,49,4,104,2002
2690,"Ashton, IA","Sibley, IA",15,47,27,14,65,10,38,46,5,89,2002
2684,"Ashton, IA","Rock Rapids, IA",24,51,10,16,42,27,44,37,4,85,2002
2634,"Ashton, IA","Ashton, IA",13,46,12,54,6,11,9,51,11,71,2002
2655,"Ashton, IA","George, IA",13,43,13,7,47,15,41,24,4,69,2002
2688,"Ashton, IA","Sanborn, IA",16,31,12,10,42,7,33,17,9,59,2002
2682,"Ashton, IA","Primghar, IA",13,29,10,3,39,10,28,20,4,52,2002
2670,"Ashton, IA","Little Rock, IA",11,29,3,43,0,0,4,39,0,43,2002
2656,"Ashton, IA","Harris, IA",11,19,8,23,7,8,16,16,6,38,2002
2691,"Ashton, IA","Sioux Center, IA",12,22,2,14,11,11,11,20,5,36,2002
2657,"Ashton, IA","Hartley, IA",12,14,4,9,14,7,18,8,4,30,2002
2638,"Ashton, IA","Boyden, IA",2,20,3,23,1,1,8,17,0,25,2002
2647,"Ashton, IA","Des Moines, IA",5,14,1,0,15,5,6,8,6,20,2002
2658,"Ashton, IA","Hospers, IA",6,11,1,17,1,0,5,12,1,18,2002
2679,"Ashton, IA","Orange City, IA",4,10,1,5,5,5,5,10,0,15,2002
2694,"Ashton, IA","Spencer, IA",5,6,2,4,6,3,6,4,3,13,2002
2695,"Ashton, IA","Spirit Lake, IA",7,4,1,7,4,1,6,6,0,12,2002
2680,"Ashton, IA","Paullina, IA",2,5,5,1,7,4,8,2,2,12,2002
2631,"Ashton, IA","Ames, IA",6,3,2,1,4,6,6,5,0,11,2002
2678,"Ashton, IA","Ocheyedan, IA",2,5,3,0,5,5,2,8,0,10,2002
2654,"Ashton, IA","Fort Dodge, IA",1,5,3,1,5,3,4,4,1,9,2002
2651,"Ashton, IA","Estherville, IA",3,3,2,0,7,1,4,4,0,8,2002
2644,"Ashton, IA","Council Bluffs, IA",3,3,1,5,0,2,2,4,1,7,2002
2692,"Ashton, IA","Sioux City, IA",2,5,0,0,3,4,3,3,1,7,2002
2668,"Ashton, IA","Le Mars, IA",0,4,3,1,2,4,2,3,2,7,2002
2697,"Ashton, IA","Sutherland, IA",2,2,2,0,1,5,5,1,0,6,2002
2698,"Ashton, IA","Terril, IA",1,5,0,5,1,0,1,5,0,6,2002
2666,"Ashton, IA","Lake Park, IA",2,1,2,4,0,1,0,5,0,5,2002
2645,"Ashton, IA","Davenport, IA",4,1,0,0,1,4,3,2,0,5,2002
2652,"Ashton, IA","Everly, IA",2,2,0,1,3,0,2,2,0,4,2002
2685,"Ashton, IA","Rock Valley, IA",2,0,1,1,2,0,3,0,0,3,2002
2676,"Ashton, IA","Newell, IA",0,2,1,0,3,0,1,2,0,3,2002
2674,"Ashton, IA","Meriden, IA",3,0,0,0,2,1,3,0,0,3,2002
2700,"Ashton, IA","Urbandale, IA",0,3,0,0,3,0,3,0,0,3,2002
2630,"Ashton, IA","Algona, IA",0,1,2,0,3,0,3,0,0,3,2002
2667,"Ashton, IA","Larchwood, IA",2,1,0,1,2,0,3,0,0,3,2002
2642,"Ashton, IA","Clinton, IA",1,2,0,0,3,0,1,2,0,3,2002
2662,"Ashton, IA","Inwood, IA",2,1,0,1,1,1,2,1,0,3,2002
2643,"Ashton, IA","Clive, IA",0,2,1,0,3,0,1,1,1,3,2002
2703,"Ashton, IA","Windsor Heights, IA",1,0,1,0,2,0,1,1,0,2,2002
2702,"Ashton, IA","West Burlington, IA",2,0,0,0,0,2,1,1,0,2,2002
2673,"Ashton, IA","Maurice, IA",2,0,0,1,1,0,0,2,0,2,2002
2675,"Ashton, IA","Milford, IA",0,2,0,1,1,0,0,2,0,2,2002
2659,"Ashton, IA","Hull, IA",1,1,0,1,1,0,0,1,1,2,2002
2637,"Ashton, IA","Bettendorf, IA",0,2,0,0,1,1,0,1,1,2,2002
2636,"Ashton, IA","Belmond, IA",1,0,0,0,0,1,1,0,0,1,2002
2641,"Ashton, IA","Clarion, IA",1,0,0,1,0,0,1,0,0,1,2002
2640,"Ashton, IA","Cherokee, IA",0,1,0,0,1,0,0,1,0,1,2002
2639,"Ashton, IA","Camanche, IA",0,1,0,0,0,1,0,1,0,1,2002
2693,"Ashton, IA","Sioux Rapids, IA",1,0,0,0,1,0,1,0,0,1,2002
2665,"Ashton, IA","Kingsley, IA",0,1,0,0,1,0,0,1,0,1,2002
2696,"Ashton, IA","Storm Lake, IA",1,0,0,0,1,0,1,0,0,1,2002
2635,"Ashton, IA","Avoca, IA",0,1,0,0,1,0,1,0,0,1,2002
2699,"Ashton, IA","Thompson, IA",1,0,0,0,0,1,0,1,0,1,2002
2632,"Ashton, IA","Ankeny, IA",0,1,0,0,0,1,1,0,0,1,2002
2701,"Ashton, IA","Wahpeton, IA",0,1,0,1,0,0,0,1,0,1,2002
2633,"Ashton, IA","Arnolds Park, IA",0,1,0,1,0,0,0,1,0,1,2002
2646,"Ashton, IA","Decorah, IA",1,0,0,0,1,0,1,0,0,1,2002
2687,"Ashton, IA","Runnells, IA",0,1,0,1,0,0,0,0,1,1,2002
2677,"Ashton, IA","Norwalk, IA",0,1,0,0,0,1,1,0,0,1,2002
2663,"Ashton, IA","Ireton, IA",1,0,0,1,0,0,1,0,0,1,2002
2669,"Ashton, IA","Lester, IA",1,0,0,1,0,0,0,1,0,1,2002
2671,"Ashton, IA","Low Moor, IA",0,1,0,0,0,1,0,1,0,1,2002
2672,"Ashton, IA","Manson, IA",0,1,0,0,1,0,1,0,0,1,2002
2661,"Ashton, IA","Indianola, IA",0,1,0,0,1,0,1,0,0,1,2002
2660,"Ashton, IA","Ida Grove, IA",1,0,0,0,0,1,1,0,0,1,2002
2653,"Ashton, IA","Forest City, IA",0,1,0,0,0,1,1,0,0,1,2002
2686,"Ashton, IA","Royal, IA",0,1,0,0,1,0,1,0,0,1,2002
2650,"Ashton, IA","Emmetsburg, IA",0,0,1,0,1,0,1,0,0,1,2002
2681,"Ashton, IA","Pomeroy, IA",1,0,0,0,1,0,1,0,0,1,2002
2649,"Ashton, IA","Eagle Grove, IA",0,0,1,1,0,0,0,1,0,1,2002
2683,"Ashton, IA","Remsen, IA",0,1,0,0,1,0,0,1,0,1,2002
2648,"Ashton, IA","Doon, IA",0,1,0,0,1,0,0,1,0,1,2002
2664,"Ashton, IA","Joice, IA",0,1,0,1,0,0,0,0,1,1,2002
2704,"Ashton, IA","Woolstock, IA",0,1,0,1,0,0,0,1,0,1,2002
