,home city,work city,Age [0-29],Age [30-54],Age [55+],Jobs: Goods Producing,Jobs: Other,"Jobs: Trade, Transport, Utilities","Salary, Monthly [0-1250]","Salary, Monthly [1251-3333]","Salary, Monthly [3334+]",total jobs,Year
23512,"Jesup, IA","Waterloo, IA",43,129,14,40,113,33,39,107,40,186,2002
23487,"Jesup, IA","Jesup, IA",36,102,40,33,103,42,78,75,25,178,2002
23485,"Jesup, IA","Independence, IA",25,37,6,23,37,8,23,40,5,68,2002
23473,"Jesup, IA","Elk Run Heights, IA",4,45,6,51,4,0,2,7,46,55,2002
23457,"Jesup, IA","Cedar Falls, IA",12,37,5,12,32,10,6,35,13,54,2002
23475,"Jesup, IA","Evansdale, IA",10,28,3,23,16,2,6,32,3,41,2002
23458,"Jesup, IA","Cedar Rapids, IA",11,6,1,1,13,4,2,11,5,18,2002
23483,"Jesup, IA","Hiawatha, IA",7,8,0,2,11,2,7,4,4,15,2002
23495,"Jesup, IA","Oelwein, IA",5,5,0,1,6,3,4,5,1,10,2002
23481,"Jesup, IA","Hampton, IA",1,6,0,0,6,1,1,6,0,7,2002
23465,"Jesup, IA","Des Moines, IA",2,3,2,1,6,0,0,4,3,7,2002
23460,"Jesup, IA","Clive, IA",1,5,0,0,4,2,2,4,0,6,2002
23482,"Jesup, IA","Hazleton, IA",1,4,1,0,3,3,1,5,0,6,2002
23476,"Jesup, IA","Fairbank, IA",0,4,0,2,0,2,0,4,0,4,2002
23468,"Jesup, IA","Dunkerton, IA",0,4,0,0,2,2,0,4,0,4,2002
23513,"Jesup, IA","Waverly, IA",0,4,0,0,4,0,3,1,0,4,2002
23461,"Jesup, IA","Council Bluffs, IA",2,2,0,4,0,0,0,4,0,4,2002
23459,"Jesup, IA","Charles City, IA",2,2,0,0,3,1,2,2,0,4,2002
23463,"Jesup, IA","Davenport, IA",0,3,0,0,2,1,1,0,2,3,2002
23478,"Jesup, IA","Fredericksburg, IA",0,3,0,3,0,0,3,0,0,3,2002
23491,"Jesup, IA","Morrison, IA",2,0,1,1,1,1,1,2,0,3,2002
23508,"Jesup, IA","Traer, IA",3,0,0,0,3,0,3,0,0,3,2002
23450,"Jesup, IA","Ames, IA",2,1,0,0,2,1,1,2,0,3,2002
23467,"Jesup, IA","Dubuque, IA",1,1,1,1,1,1,2,0,1,3,2002
23493,"Jesup, IA","New Hampton, IA",1,1,0,0,1,1,0,2,0,2,2002
23499,"Jesup, IA","Randalia, IA",0,2,0,0,2,0,0,2,0,2,2002
23492,"Jesup, IA","Mount Auburn, IA",1,1,0,0,1,1,0,1,1,2,2002
23501,"Jesup, IA","Robins, IA",0,2,0,0,2,0,0,2,0,2,2002
23452,"Jesup, IA","Asbury, IA",2,0,0,0,0,2,1,1,0,2,2002
23477,"Jesup, IA","Fairfax, IA",1,1,0,0,0,2,2,0,0,2,2002
23497,"Jesup, IA","Ottumwa, IA",0,1,1,2,0,0,0,1,1,2,2002
23454,"Jesup, IA","Bettendorf, IA",0,1,1,0,0,2,2,0,0,2,2002
23474,"Jesup, IA","Ely, IA",0,2,0,0,2,0,0,0,2,2,2002
23498,"Jesup, IA","Parkersburg, IA",0,1,1,0,2,0,0,2,0,2,2002
23466,"Jesup, IA","Dike, IA",2,0,0,2,0,0,1,1,0,2,2002
23470,"Jesup, IA","Dysart, IA",0,0,2,0,0,2,0,2,0,2,2002
23509,"Jesup, IA","Urbana, IA",0,1,0,1,0,0,0,0,1,1,2002
23511,"Jesup, IA","Walker, IA",1,0,0,1,0,0,0,1,0,1,2002
23500,"Jesup, IA","Raymond, IA",1,0,0,0,1,0,0,0,1,1,2002
23510,"Jesup, IA","Vinton, IA",1,0,0,0,1,0,1,0,0,1,2002
23507,"Jesup, IA","Toledo, IA",0,1,0,0,1,0,0,1,0,1,2002
23502,"Jesup, IA","Sageville, IA",1,0,0,0,0,1,1,0,0,1,2002
23506,"Jesup, IA","Story City, IA",1,0,0,0,1,0,1,0,0,1,2002
23516,"Jesup, IA","Windsor Heights, IA",1,0,0,0,0,1,1,0,0,1,2002
23504,"Jesup, IA","Sioux City, IA",1,0,0,1,0,0,0,1,0,1,2002
23505,"Jesup, IA","Stanley, IA",1,0,0,0,1,0,0,1,0,1,2002
23515,"Jesup, IA","West Union, IA",0,1,0,0,1,0,0,0,1,1,2002
23514,"Jesup, IA","West Des Moines, IA",0,1,0,0,0,1,0,0,1,1,2002
23503,"Jesup, IA","Shueyville, IA",1,0,0,1,0,0,0,1,0,1,2002
23449,"Jesup, IA","Allison, IA",1,0,0,0,1,0,0,1,0,1,2002
23496,"Jesup, IA","Osceola, IA",0,1,0,1,0,0,0,0,1,1,2002
23471,"Jesup, IA","Edgewood, IA",0,1,0,0,0,1,0,1,0,1,2002
23451,"Jesup, IA","Ankeny, IA",0,0,1,1,0,0,0,1,0,1,2002
23453,"Jesup, IA","Belmond, IA",0,1,0,0,0,1,0,1,0,1,2002
23455,"Jesup, IA","Brandon, IA",0,0,1,1,0,0,0,0,1,1,2002
23456,"Jesup, IA","Brighton, IA",1,0,0,0,1,0,0,1,0,1,2002
23462,"Jesup, IA","Cresco, IA",0,1,0,0,0,1,0,1,0,1,2002
23464,"Jesup, IA","Decorah, IA",1,0,0,0,0,1,1,0,0,1,2002
23469,"Jesup, IA","Dyersville, IA",1,0,0,0,0,1,1,0,0,1,2002
23472,"Jesup, IA","Elberon, IA",0,0,1,0,0,1,0,1,0,1,2002
23494,"Jesup, IA","Northwood, IA",0,1,0,0,0,1,1,0,0,1,2002
23479,"Jesup, IA","Grimes, IA",1,0,0,0,1,0,1,0,0,1,2002
23480,"Jesup, IA","Grinnell, IA",1,0,0,0,0,1,1,0,0,1,2002
23484,"Jesup, IA","Hudson, IA",0,1,0,0,1,0,0,0,1,1,2002
23486,"Jesup, IA","Iowa Falls, IA",0,1,0,0,0,1,0,1,0,1,2002
23488,"Jesup, IA","Johnston, IA",1,0,0,0,1,0,0,1,0,1,2002
23489,"Jesup, IA","La Porte City, IA",0,1,0,0,0,1,1,0,0,1,2002
23490,"Jesup, IA","Manchester, IA",0,1,0,0,1,0,0,1,0,1,2002
23517,"Jesup, IA","Winthrop, IA",0,1,0,1,0,0,0,0,1,1,2002
