,home city,work city,Age [0-29],Age [30-54],Age [55+],Jobs: Goods Producing,Jobs: Other,"Jobs: Trade, Transport, Utilities","Salary, Monthly [0-1250]","Salary, Monthly [1251-3333]","Salary, Monthly [3334+]",total jobs,Year
27351,"Livermore, IA","Algona, IA",15,56,15,27,38,21,28,44,14,86,2002
27388,"Livermore, IA","Humboldt, IA",9,57,7,30,22,21,27,35,11,73,2002
27382,"Livermore, IA","Fort Dodge, IA",4,23,5,8,15,9,6,18,8,32,2002
27371,"Livermore, IA","Dakota City, IA",4,17,6,11,13,3,10,16,1,27,2002
27391,"Livermore, IA","Livermore, IA",2,14,8,6,8,10,12,6,6,24,2002
27417,"Livermore, IA","Woden, IA",7,10,4,2,15,4,13,6,2,21,2002
27376,"Livermore, IA","Eagle Grove, IA",3,11,3,10,7,0,4,10,3,17,2002
27384,"Livermore, IA","Goldfield, IA",2,12,2,5,5,6,5,9,2,16,2002
27369,"Livermore, IA","Crystal Lake, IA",5,9,2,13,0,3,1,13,2,16,2002
27410,"Livermore, IA","Titonka, IA",3,11,2,1,5,10,8,7,1,16,2002
27386,"Livermore, IA","Hardy, IA",4,9,0,1,5,7,7,6,0,13,2002
27374,"Livermore, IA","Des Moines, IA",3,9,1,1,10,2,2,6,5,13,2002
27366,"Livermore, IA","Corwith, IA",0,8,3,5,5,1,5,6,0,11,2002
27409,"Livermore, IA","Swea City, IA",1,6,3,3,7,0,5,3,2,10,2002
27364,"Livermore, IA","Clive, IA",3,4,0,0,5,2,2,3,2,7,2002
27353,"Livermore, IA","Ames, IA",2,3,2,0,3,4,2,3,2,7,2002
27395,"Livermore, IA","Mason City, IA",2,3,1,0,4,2,5,0,1,6,2002
27412,"Livermore, IA","Webster City, IA",2,1,2,2,2,1,0,4,1,5,2002
27359,"Livermore, IA","Britt, IA",1,3,1,0,3,2,1,4,0,5,2002
27362,"Livermore, IA","Clarion, IA",0,4,0,0,4,0,1,3,0,4,2002
27416,"Livermore, IA","Windsor Heights, IA",1,3,0,0,1,3,2,0,2,4,2002
27415,"Livermore, IA","Whittemore, IA",1,3,0,1,0,3,0,4,0,4,2002
27411,"Livermore, IA","Urbandale, IA",2,2,0,0,0,4,1,2,1,4,2002
27392,"Livermore, IA","Lone Rock, IA",1,2,0,0,3,0,1,2,0,3,2002
27354,"Livermore, IA","Ankeny, IA",1,1,1,0,0,3,2,0,1,3,2002
27360,"Livermore, IA","Charles City, IA",3,0,0,0,1,2,2,1,0,3,2002
27401,"Livermore, IA","Ottosen, IA",1,2,0,3,0,0,0,3,0,3,2002
27367,"Livermore, IA","Council Bluffs, IA",1,1,1,1,0,2,1,2,0,3,2002
27396,"Livermore, IA","Meriden, IA",1,0,1,1,0,1,1,1,0,2,2002
27390,"Livermore, IA","Larrabee, IA",2,0,0,0,0,2,2,0,0,2,2002
27389,"Livermore, IA","Johnston, IA",1,1,0,0,1,1,1,1,0,2,2002
27397,"Livermore, IA","Nevada, IA",1,1,0,0,2,0,2,0,0,2,2002
27398,"Livermore, IA","Newell, IA",0,2,0,0,2,0,2,0,0,2,2002
27403,"Livermore, IA","Pleasant Hill, IA",1,1,0,0,1,1,1,1,0,2,2002
27406,"Livermore, IA","Sioux City, IA",0,2,0,0,1,1,2,0,0,2,2002
27355,"Livermore, IA","Bancroft, IA",1,1,0,0,2,0,2,0,0,2,2002
27383,"Livermore, IA","Garner, IA",0,2,0,1,1,0,0,2,0,2,2002
27405,"Livermore, IA","Rutland, IA",0,2,0,2,0,0,1,1,0,2,2002
27357,"Livermore, IA","Bettendorf, IA",1,1,0,0,1,1,2,0,0,2,2002
27373,"Livermore, IA","Decorah, IA",0,1,1,0,0,2,1,1,0,2,2002
27372,"Livermore, IA","Davenport, IA",1,1,0,0,1,1,1,1,0,2,2002
27358,"Livermore, IA","Boone, IA",2,0,0,0,0,2,1,1,0,2,2002
27414,"Livermore, IA","West Des Moines, IA",0,1,1,1,0,1,0,1,1,2,2002
27399,"Livermore, IA","Newton, IA",0,2,0,0,2,0,0,0,2,2,2002
27404,"Livermore, IA","Pocahontas, IA",0,1,0,0,1,0,0,1,0,1,2002
27407,"Livermore, IA","Spencer, IA",1,0,0,0,0,1,1,0,0,1,2002
27408,"Livermore, IA","Story City, IA",1,0,0,1,0,0,0,1,0,1,2002
27400,"Livermore, IA","Otho, IA",0,0,1,0,0,1,0,1,0,1,2002
27402,"Livermore, IA","Ottumwa, IA",1,0,0,0,0,1,0,1,0,1,2002
27413,"Livermore, IA","West Burlington, IA",1,0,0,0,1,0,1,0,0,1,2002
27350,"Livermore, IA","Alden, IA",0,1,0,1,0,0,0,0,1,1,2002
27394,"Livermore, IA","Manson, IA",0,0,1,0,0,1,1,0,0,1,2002
27393,"Livermore, IA","Lynnville, IA",0,1,0,0,0,1,0,1,0,1,2002
27352,"Livermore, IA","Altoona, IA",0,0,1,0,0,1,1,0,0,1,2002
27356,"Livermore, IA","Belmond, IA",0,1,0,1,0,0,0,0,1,1,2002
27361,"Livermore, IA","Cherokee, IA",0,0,1,1,0,0,0,1,0,1,2002
27363,"Livermore, IA","Clear Lake, IA",0,1,0,0,1,0,0,1,0,1,2002
27365,"Livermore, IA","Colwell, IA",0,1,0,1,0,0,1,0,0,1,2002
27368,"Livermore, IA","Creston, IA",1,0,0,0,0,1,1,0,0,1,2002
27370,"Livermore, IA","Curlew, IA",1,0,0,1,0,0,0,1,0,1,2002
27375,"Livermore, IA","Duncombe, IA",0,1,0,1,0,0,0,0,1,1,2002
27377,"Livermore, IA","Eldridge, IA",0,1,0,0,1,0,1,0,0,1,2002
27378,"Livermore, IA","Emmetsburg, IA",1,0,0,0,0,1,1,0,0,1,2002
27379,"Livermore, IA","Estherville, IA",1,0,0,0,0,1,1,0,0,1,2002
27380,"Livermore, IA","Fenton, IA",0,1,0,0,1,0,0,1,0,1,2002
27381,"Livermore, IA","Forest City, IA",0,0,1,0,0,1,1,0,0,1,2002
27385,"Livermore, IA","Grinnell, IA",1,0,0,0,1,0,0,1,0,1,2002
27387,"Livermore, IA","Harlan, IA",0,1,0,0,1,0,1,0,0,1,2002
27418,"Livermore, IA","Woolstock, IA",1,0,0,0,0,1,1,0,0,1,2002
