,Lat,Lon
"Ackley, IA",42.5525,-93.05389
"Ackworth, IA",41.365,-93.47333
"Adair, IA",41.5,-94.64389
"Adel, IA",41.61667,-94.02167
"Afton, IA",41.028059999999996,-94.19694
"Agency, IA",40.99556,-92.3075
"Ainsworth, IA",41.290279999999996,-91.55417
"Akron, IA",42.82528,-96.55667
"Albert City, IA",42.78083,-94.95056
"Albia, IA",41.02667,-92.80528000000001
"Albion, IA",42.111670000000004,-92.99083
"Alburnett, IA",42.14917,-91.61972
"Alden, IA",42.516940000000005,-93.37583000000001
"Alexander, IA",42.80472,-93.4775
"Algona, IA",43.07028,-94.22972
"Alleman, IA",41.81889,-93.61111
"Allerton, IA",40.70722,-93.36721999999999
"Allison, IA",42.75333,-92.79472
"Alta, IA",42.67194,-95.30471999999999
"Alta Vista, IA",43.19917,-92.41583
"Alton, IA",42.986940000000004,-96.01139
"Altoona, IA",41.65,-93.4725
"Alvord, IA",43.342220000000005,-96.30360999999999
"Ames, IA",42.03472,-93.62
"Anamosa, IA",42.10889,-91.28139
"Andover, IA",41.97889,-90.25166999999999
"Andrew, IA",42.154059000000004,-90.59176500000001
"Anita, IA",41.446670000000005,-94.76556
"Ankeny, IA",41.72667,-93.60417
"Anthon, IA",42.38778,-95.86639
"Aplington, IA",42.5825,-92.8825
"Arcadia, IA",42.086940000000006,-95.04556
"Archer, IA",43.11528,-95.74444
"Aredale, IA",42.835,-93.00471999999999
"Arion, IA",41.94917,-95.46306
"Arispe, IA",40.948890000000006,-94.21889
"Arlington, IA",42.748059999999995,-91.67166999999999
"Armstrong, IA",43.39583,-94.48083000000001
"Arnolds Park, IA",43.365559999999995,-95.12971999999999
"Arthur, IA",42.33528,-95.34666999999999
"Asbury, IA",42.51556,-90.76333000000001
"Ashton, IA",43.31194,-95.79167
"Aspinwall, IA",41.911390000000004,-95.135
"Atalissa, IA",41.571670000000005,-91.16667
"Atkins, IA",41.99472,-91.86111
"Atlantic, IA",41.40139,-95.01083
"Auburn, IA",42.25083,-94.87722
"Audubon, IA",41.720279999999995,-94.92833
"Aurelia, IA",42.71417,-95.43472
"Aurora, IA",42.61806,-91.72861
"Avoca, IA",41.483000000000004,-95.333
"Ayrshire, IA",43.03861,-94.83471999999999
"Badger, IA",42.61528,-94.14444
"Bagley, IA",41.84667,-94.42889
"Baldwin, IA",42.073890000000006,-90.84056
"Balltown, IA",42.6375,-90.86861
"Bancroft, IA",43.29278,-94.21694000000001
"Bankston, IA",42.509170000000005,-90.96
"Barnes City, IA",41.50833,-92.46889
"Barnum, IA",42.50667,-94.36444
"Bassett, IA",43.06222,-92.51583000000001
"Batavia, IA",40.9975,-92.16778000000001
"Battle Creek, IA",42.31694,-95.59944
"Baxter, IA",41.82444,-93.15083
"Bayard, IA",41.85222,-94.55722
"Beacon, IA",41.27583,-92.68083
"Beaconsfield, IA",40.80806,-94.05056
"Beaman, IA",42.22,-92.82306
"Beaver, IA",42.03778,-94.14111
"Bedford, IA",40.66833,-94.72111
"Belle Plaine, IA",41.89667,-92.2775
"Bellevue, IA",42.259170000000005,-90.42639
"Belmond, IA",42.84722,-93.61222
"Bennett, IA",41.740829999999995,-90.97444
"Benton, IA",40.70583,-94.35778
"Berkley, IA",41.94611,-94.11389
"Bernard, IA",42.31361,-90.83111
"Bertram, IA",41.95,-91.53444
"Bettendorf, IA",41.55,-90.49361
"Bevington, IA",41.36056,-93.79083
"Birmingham, IA",40.878609999999995,-91.94667
"Blairsburg, IA",42.479440000000004,-93.64166999999999
"Blairstown, IA",41.906940000000006,-92.08333
"Blakesburg, IA",40.96278,-92.63611
"Blanchard, IA",40.57972,-95.22083
"Blencoe, IA",41.931940000000004,-96.08166999999999
"Blockton, IA",40.615851,-94.47665400000001
"Bloomfield, IA",40.75111,-92.41694
"Blue Grass, IA",41.51194,-90.765
"Bode, IA",42.86722,-94.28778
"Bonaparte, IA",40.7,-91.80083
"Bondurant, IA",41.69417,-93.46139000000001
"Boone, IA",42.06111,-93.88611
"Bouton, IA",41.850559999999994,-94.00944
"Boxholm, IA",42.175,-94.10556
"Boyden, IA",43.19028,-96.00361
"Braddyville, IA",40.57861,-95.02972
"Bradgate, IA",42.803329999999995,-94.42028
"Brandon, IA",42.314170000000004,-92.00417
"Brayton, IA",41.54528,-94.92583
"Breda, IA",42.18222,-94.97806
"Bridgewater, IA",41.24556,-94.66833000000001
"Brighton, IA",41.17333,-91.82083
"Bristow, IA",42.77361,-92.90694
"Britt, IA",43.09639,-93.80111
"Bronson, IA",42.409440000000004,-96.21167
"Brooklyn, IA",41.73222,-92.44360999999999
"Brunsville, IA",42.80917,-96.26861
"Buck Grove, IA",41.91861,-95.39721999999999
"Buckeye, IA",42.41833,-93.37583000000001
"Buffalo, IA",41.45917,-90.72111
"Buffalo Center, IA",43.386390000000006,-93.94833
"Burlington, IA",40.80806,-91.11583
"Burt, IA",43.19806,-94.22166999999999
"Bussey, IA",41.20528,-92.88528000000001
"Calamus, IA",41.82667,-90.75972
"Callender, IA",42.3625,-94.29333000000001
"Calmar, IA",43.181940000000004,-91.86639
"Calumet, IA",42.94611,-95.55194
"Camanche, IA",41.786390000000004,-90.26
"Cambridge, IA",41.898734999999995,-93.529662
"Cantril, IA",40.643609999999995,-92.06721999999999
"Carbon, IA",41.05028,-94.82528
"Carlisle, IA",41.50111,-93.49028
"Carpenter, IA",43.41556,-93.01722
"Carroll, IA",42.06944,-94.86639
"Carson, IA",41.235744,-95.41842700000001
"Carter Lake, IA",41.29278,-95.91389000000001
"Cascade, IA",42.297534999999996,-91.012215
"Casey, IA",41.50611,-94.52
"Castalia, IA",43.11222,-91.67721999999999
"Castana, IA",42.0725,-95.90833
"Cedar Falls, IA",42.52352,-92.446402
"Cedar Rapids, IA",41.983059999999995,-91.66861
"Center Junction, IA",42.11639,-91.08806
"Center Point, IA",42.19056,-91.7825
"Centerville, IA",40.729836,-92.872012
"Central City, IA",42.204440000000005,-91.525
"Centralia, IA",42.47222,-90.83610999999999
"Chariton, IA",41.01611,-93.3075
"Charles City, IA",43.066390000000006,-92.67583
"Charlotte, IA",41.96111,-90.46972
"Charter Oak, IA",42.06778,-95.58944
"Chatsworth, IA",42.91583,-96.51611
"Chelsea, IA",41.92,-92.39444
"Cherokee, IA",42.75,-95.55
"Chester, IA",43.49111,-92.36111
"Chillicothe, IA",41.08639,-92.52889
"Churdan, IA",42.155,-94.47667
"Cincinnati, IA",40.63028,-92.92361
"Clare, IA",42.58778,-94.34361
"Clarence, IA",41.88778,-91.05917
"Clarinda, IA",40.7375,-95.03583
"Clarion, IA",42.73111,-93.73111
"Clarksville, IA",42.782779999999995,-92.66972
"Clayton, IA",42.903059999999996,-91.14806
"Clear Lake, IA",43.136390000000006,-93.38
"Clearfield, IA",40.8,-94.47639000000001
"Cleghorn, IA",42.81278,-95.71194
"Clemons, IA",42.11417,-93.15833
"Clermont, IA",42.99944,-91.65472
"Clinton, IA",41.846940000000004,-90.20721999999999
"Clio, IA",40.636390000000006,-93.45028
"Clive, IA",41.6,-93.78299999999999
"Clutier, IA",42.07889,-92.40333000000001
"Coburg, IA",40.91667,-95.26583000000001
"Coggon, IA",42.27917,-91.52972
"Coin, IA",40.656940000000006,-95.23416999999999
"Colesburg, IA",42.64,-91.20111
"Colfax, IA",41.67583,-93.24444
"College Springs, IA",40.620878000000005,-95.121941
"Collins, IA",41.9025,-93.30694
"Colo, IA",42.016940000000005,-93.3175
"Columbus City, IA",41.25833,-91.37583000000001
"Columbus Junction, IA",41.27833,-91.3625
"Colwell, IA",43.156940000000006,-92.59306
"Conesville, IA",41.37944,-91.35028
"Conrad, IA",42.225,-92.87222
"Conway, IA",40.74861,-94.61944
"Coon Rapids, IA",41.8725,-94.67667
"Coppock, IA",41.16278,-91.71611
"Coralville, IA",41.68833,-91.58667
"Corning, IA",40.99139,-94.73694
"Correctionville, IA",42.47667,-95.78472
"Corwith, IA",42.99333,-93.95583
"Corydon, IA",40.759170000000005,-93.31778
"Cotter, IA",41.29222,-91.46722
"Coulter, IA",42.73444,-93.36917
"Council Bluffs, IA",41.25,-95.867
"Craig, IA",42.896390000000004,-96.31028
"Crawfordsville, IA",41.21528,-91.53778
"Crescent, IA",41.363609999999994,-95.85889
"Cresco, IA",43.37444,-92.115
"Creston, IA",41.05917,-94.36444
"Cromwell, IA",41.04083,-94.4625
"Crystal Lake, IA",43.22361,-93.79194
"Cumberland, IA",41.27361,-94.87111
"Cumming, IA",41.48583,-93.76194
"Curlew, IA",42.98028,-94.7375
"Cushing, IA",42.465,-95.67639
"Cylinder, IA",43.08917,-94.55
"Dakota City, IA",42.721940000000004,-94.20028
"Dallas Center, IA",41.68444,-93.96083
"Dana, IA",42.10667,-94.24028
"Danbury, IA",42.23611,-95.72166999999999
"Danville, IA",40.863890000000005,-91.31583
"Davenport, IA",41.54306,-90.59083000000001
"Davis City, IA",40.63944,-93.81222
"Dawson, IA",41.84361,-94.22139
"Dayton, IA",42.26278,-94.06917
"De Soto, IA",41.53111,-94.00833
"De Witt, IA",41.82278,-90.54278000000001
"Decatur City, IA",40.74222,-93.83278
"Decorah, IA",43.30167,-91.79028000000001
"Dedham, IA",41.908609999999996,-94.82278000000001
"Deep River, IA",41.58028,-92.37416999999999
"Defiance, IA",41.82472,-95.34194000000001
"Delaware, IA",42.473890000000004,-91.34222
"Delhi, IA",42.428059999999995,-91.33
"Delmar, IA",42.001670000000004,-90.60778
"Deloit, IA",42.09722,-95.31917
"Delphos, IA",40.663059999999994,-94.33944
"Delta, IA",41.32417,-92.32944
"Denison, IA",42.01722,-95.35110999999999
"Denver, IA",42.67194,-92.33361
"Derby, IA",40.93083,-93.45694
"Des Moines, IA",41.59083,-93.62083
"Dexter, IA",41.51556,-94.22721999999999
"Diagonal, IA",40.808890000000005,-94.34139
"Dickens, IA",43.130829999999996,-95.02056
"Dike, IA",42.46472,-92.62778
"Dixon, IA",41.74139,-90.78278
"Dolliver, IA",43.46472,-94.615
"Donahue, IA",41.69528,-90.67472
"Donnellson, IA",40.64333,-91.565
"Doon, IA",43.27861,-96.23194000000001
"Dougherty, IA",42.9225,-93.04111
"Dow City, IA",41.928329999999995,-95.49444
"Dows, IA",42.656940000000006,-93.50222
"Drakesville, IA",40.799170000000004,-92.48111
"Dubuque, IA",42.50444,-90.68694
"Dumont, IA",42.74944,-92.97222
"Duncombe, IA",42.47,-93.99278000000001
"Dundee, IA",42.57889,-91.54722
"Dunkerton, IA",42.568329999999996,-92.16
"Dunlap, IA",41.85389,-95.6
"Durango, IA",42.56,-90.77583
"Durant, IA",41.60111,-90.90916999999999
"Dyersville, IA",42.481390000000005,-91.12083
"Dysart, IA",42.168890000000005,-92.30806
"Eagle Grove, IA",42.665,-93.9025
"Earlham, IA",41.49306,-94.12361
"Earling, IA",41.775,-95.41861
"Earlville, IA",42.48194,-91.27056
"Early, IA",42.461940000000006,-95.15139
"East Peru, IA",41.22722,-93.92528
"Eddyville, IA",41.15833,-92.635
"Edgewood, IA",42.64472,-91.40167
"Elberon, IA",42.00528,-92.3175
"Eldon, IA",40.91778,-92.22028
"Eldora, IA",42.360279999999996,-93.10139000000001
"Eldridge, IA",41.64861,-90.58139
"Elgin, IA",42.95583,-91.63639
"Elk Horn, IA",41.59278,-95.05972
"Elk Run Heights, IA",42.46861,-92.25721999999999
"Elkader, IA",42.85583,-91.40306
"Elkhart, IA",41.79278,-93.525
"Elkport, IA",42.74111,-91.27556
"Elliott, IA",41.14889,-95.16194
"Ellston, IA",40.84028,-94.10861
"Ellsworth, IA",42.31194,-93.58083
"Elma, IA",43.24556,-92.43861
"Ely, IA",41.87556,-91.58306
"Emerson, IA",41.018609999999995,-95.40194
"Emmetsburg, IA",43.11111,-94.68194
"Epworth, IA",42.44583,-90.93111
"Essex, IA",40.833059999999996,-95.30528000000001
"Estherville, IA",43.40444,-94.83361
"Evansdale, IA",42.46778,-92.28222
"Everly, IA",43.15972,-95.32528
"Exira, IA",41.59167,-94.87833
"Exline, IA",40.65,-92.84
"Fairbank, IA",42.63944,-92.04778
"Fairfax, IA",41.91972,-91.78028
"Fairfield, IA",41.007220000000004,-91.96583000000001
"Farley, IA",42.44389,-91.00944
"Farmersburg, IA",42.958515999999996,-91.36755500000001
"Farmington, IA",40.633,-91.73299999999999
"Farnhamville, IA",42.27639,-94.40639
"Farragut, IA",40.72167,-95.48028000000001
"Fayette, IA",42.8425,-91.80306
"Fenton, IA",43.216390000000004,-94.42639
"Ferguson, IA",41.9375,-92.865
"Fertile, IA",43.264720000000004,-93.42111
"Floris, IA",40.86417,-92.33221999999999
"Floyd, IA",43.1275,-92.73971999999999
"Fonda, IA",42.58278,-94.84583
"Fontanelle, IA",41.29,-94.56222
"Forest City, IA",43.26194,-93.64028
"Fort Atkinson, IA",43.14417,-91.93472
"Fort Dodge, IA",42.50667,-94.18028000000001
"Fort Madison, IA",40.628609999999995,-91.33889
"Fostoria, IA",43.24167,-95.155
"Franklin, IA",40.66639,-91.51194
"Fraser, IA",42.12444,-93.96916999999999
"Fredericksburg, IA",42.96472,-92.19833
"Frederika, IA",42.8825,-92.30611
"Fredonia, IA",41.285,-91.33806
"Fremont, IA",41.21222,-92.435
"Fruitland, IA",41.35222,-91.12611
"Galt, IA",42.693059999999996,-93.605
"Galva, IA",42.50611,-95.41806
"Garber, IA",42.74389,-91.26306
"Garden Grove, IA",40.82639,-93.60778
"Garnavillo, IA",42.86694,-91.23611
"Garner, IA",43.09806,-93.60417
"Garrison, IA",42.143609999999995,-92.14305999999999
"Garwin, IA",42.09472,-92.67667
"Geneva, IA",42.67583,-93.13139
"George, IA",43.3425,-96.00111
"Gibson, IA",41.48056,-92.39305999999999
"Gilbert, IA",42.10583,-93.64528
"Gilbertville, IA",42.41722,-92.21389
"Gillett Grove, IA",43.01444,-95.03667
"Gilman, IA",41.87972,-92.78889000000001
"Gilmore City, IA",42.73056,-94.4425
"Gladbrook, IA",42.185,-92.71472
"Glenwood, IA",41.045559999999995,-95.7425
"Glidden, IA",42.05833,-94.72833
"Goldfield, IA",42.73472,-93.92028
"Goodell, IA",42.92361,-93.61417
"Goose Lake, IA",41.9675,-90.38083
"Gowrie, IA",42.279720000000005,-94.29139
"Graettinger, IA",43.23806,-94.75111
"Graf, IA",42.495,-90.87194000000001
"Grafton, IA",43.329440000000005,-93.07028000000001
"Grand Junction, IA",42.03111,-94.23528
"Grand Mound, IA",41.82417,-90.64694
"Grand River, IA",40.81889,-93.9625
"Grandview, IA",41.27722,-91.18889
"Granger, IA",41.76167,-93.82389
"Grant, IA",41.14222,-94.98528
"Granville, IA",42.98444,-95.87583000000001
"Gravity, IA",40.759170000000005,-94.74417
"Gray, IA",41.84,-94.9825
"Greeley, IA",42.585,-91.34167
"Greene, IA",42.8975,-92.80333
"Greenfield, IA",41.30556,-94.45861
"Greenville, IA",43.01611,-95.14556
"Grimes, IA",41.68306,-93.78444
"Grinnell, IA",41.74361,-92.72471999999999
"Griswold, IA",41.233000000000004,-95.133
"Grundy Center, IA",42.36111,-92.77360999999999
"Gruver, IA",43.39306,-94.70472
"Guernsey, IA",41.65,-92.34444
"Guthrie Center, IA",41.67972,-94.50083000000001
"Guttenberg, IA",42.78611,-91.10139000000001
"Halbur, IA",42.00639,-94.97166999999999
"Hamburg, IA",40.60583,-95.655
"Hamilton, IA",41.17083,-92.90389
"Hampton, IA",42.74306,-93.20778
"Hancock, IA",41.39056,-95.36306
"Hanlontown, IA",43.28083,-93.37944
"Hansell, IA",42.757220000000004,-93.10361
"Harcourt, IA",42.26194,-94.17667
"Hardy, IA",42.81028,-94.05167
"Harlan, IA",41.654720000000005,-95.32194
"Harper, IA",41.3625,-92.05111
"Harpers Ferry, IA",43.20167,-91.15083
"Harris, IA",43.44556,-95.43306
"Hartford, IA",41.459720000000004,-93.40222
"Hartley, IA",43.181940000000004,-95.47639000000001
"Hartwick, IA",41.78528,-92.34416999999999
"Harvey, IA",41.31556,-92.92556
"Hastings, IA",41.02389,-95.49722
"Havelock, IA",42.83333,-94.70167
"Haverhill, IA",41.945,-92.96139000000001
"Hawarden, IA",43.00111,-96.48444
"Hawkeye, IA",42.93806,-91.95111
"Hayesville, IA",41.26444,-92.24889
"Hazleton, IA",42.61833,-91.90666999999999
"Hedrick, IA",41.17361,-92.30833
"Henderson, IA",41.13917,-95.43139000000001
"Hepburn, IA",40.84861,-95.01666999999999
"Hiawatha, IA",42.04444,-91.68111
"Hills, IA",41.556940000000004,-91.535
"Hillsboro, IA",40.83639,-91.71361
"Hinton, IA",42.625,-96.29417
"Holland, IA",42.39972,-92.79944
"Holstein, IA",42.486670000000004,-95.5425
"Holy Cross, IA",42.60028,-90.99444
"Hopkinton, IA",42.34389,-91.24861
"Hornick, IA",42.23083,-96.09666999999999
"Hospers, IA",43.07111,-95.90472
"Houghton, IA",40.78306,-91.6125
"Hubbard, IA",42.305,-93.30083
"Hudson, IA",42.40889,-92.45222
"Hull, IA",43.19028,-96.13444
"Humboldt, IA",42.72361,-94.22139
"Humeston, IA",40.85889,-93.4975
"Huxley, IA",41.89611,-93.60278000000001
"Ida Grove, IA",42.344440000000006,-95.47055999999999
"Imogene, IA",40.878609999999995,-95.42778
"Independence, IA",42.470279999999995,-91.89389
"Indianola, IA",41.361670000000004,-93.56306
"Inwood, IA",43.308890000000005,-96.4325
"Ionia, IA",43.034440000000004,-92.45666999999999
"Iowa City, IA",41.6601,-91.5342
"Iowa Falls, IA",42.516999999999996,-93.26700000000001
"Ireton, IA",42.97417,-96.31778
"Irwin, IA",41.79056,-95.20721999999999
"Jackson Junction, IA",43.10694,-92.04666999999999
"Jamaica, IA",41.85,-94.3
"Janesville, IA",42.64611,-92.46278000000001
"Jefferson, IA",42.01667,-94.37666999999999
"Jesup, IA",42.47583,-92.06278
"Jewell Junction, IA",42.3075,-93.64111
"Johnston, IA",41.67139,-93.70583
"Joice, IA",43.36333,-93.45583
"Jolley, IA",42.47917,-94.71806
"Kalona, IA",41.486940000000004,-91.70528
"Kamrar, IA",42.391940000000005,-93.72861
"Kanawha, IA",42.93667,-93.79417
"Kellerton, IA",40.71028,-94.05
"Kelley, IA",41.950914000000004,-93.664905
"Kellogg, IA",41.71667,-92.9075
"Kensett, IA",43.35389,-93.20861
"Keokuk, IA",40.4025,-91.39444
"Keomah Village, IA",41.28944,-92.53639
"Keosauqua, IA",40.73222,-91.96306
"Keota, IA",41.36472,-91.95444
"Keswick, IA",41.45389,-92.23889
"Keystone, IA",42.00083,-92.19861
"Kimballton, IA",41.62833,-95.07444
"Kingsley, IA",42.58917,-95.96833000000001
"Kinross, IA",41.45944,-91.9875
"Kirkman, IA",41.72889,-95.26666999999999
"Kirkville, IA",41.14389,-92.50444
"Kiron, IA",42.19611,-95.32694000000001
"Klemme, IA",43.007220000000004,-93.60139000000001
"Knierim, IA",42.45528,-94.45639
"Knoxville, IA",41.31917,-93.10139000000001
"La Motte, IA",42.295,-90.62056
"La Porte City, IA",42.31361,-92.18833000000001
"Lacona, IA",41.18889,-93.38444
"Ladora, IA",41.755,-92.18389
"Lake City, IA",42.268609999999995,-94.73583
"Lake Mills, IA",43.41833,-93.53194
"Lake Park, IA",43.45278,-95.32167
"Lake View, IA",42.306940000000004,-95.0475
"Lakeside, IA",42.61972,-95.17416999999999
"Lakota, IA",43.37806,-94.09416999999999
"Lambs Grove, IA",41.70111,-93.07833000000001
"Lamoni, IA",40.6225,-93.93361
"Lamont, IA",42.6,-91.64111
"Lanesboro, IA",42.18417,-94.6925
"Lansing, IA",43.36139,-91.22333
"Larchwood, IA",43.454440000000005,-96.435
"Larrabee, IA",42.86139,-95.545
"Latimer, IA",42.76278,-93.36889000000001
"Laurel, IA",41.88361,-92.92278
"Laurens, IA",42.84722,-94.84944
"Lawler, IA",43.06944,-92.15278
"Lawton, IA",42.47806,-96.18167
"Le Claire, IA",41.596109999999996,-90.35639
"Le Grand, IA",42.00611,-92.77639
"Le Mars, IA",42.78889,-96.16583
"Le Roy, IA",40.8775,-93.59306
"Ledyard, IA",43.42111,-94.16056
"Lehigh, IA",42.35722,-94.05139
"Leighton, IA",41.338609999999996,-92.78667
"Leland, IA",43.33361,-93.6375
"Lenox, IA",40.88333,-94.55833
"Leon, IA",40.74,-93.74639
"Lester, IA",43.4375,-96.33333
"Letts, IA",41.32917,-91.23639
"Lewis, IA",41.305279999999996,-95.08444
"Libertyville, IA",40.95778,-92.04916999999999
"Lidderdale, IA",42.125,-94.78305999999999
"Lime Springs, IA",43.44944,-92.28111
"Lincoln, IA",42.2625,-92.69194
"Linden, IA",41.643609999999995,-94.27028
"Lineville, IA",40.58528,-93.52306
"Linn Grove, IA",42.8925,-95.24194
"Lisbon, IA",41.92083,-91.38806
"Liscomb, IA",42.19056,-93.00556
"Little Rock, IA",43.4425,-95.88389000000001
"Little Sioux, IA",41.80917,-96.0225
"Livermore, IA",42.86694,-94.18417
"Lockridge, IA",40.995,-91.75166999999999
"Logan, IA",41.64472,-95.79
"Lohrville, IA",42.268609999999995,-94.54778
"Lone Rock, IA",43.22139,-94.325
"Lone Tree, IA",41.48583,-91.42667
"Long Grove, IA",41.696940000000005,-90.585
"Lorimor, IA",41.12639,-94.05583
"Lost Nation, IA",41.96417,-90.8175
"Lovilia, IA",41.1325,-92.90611
"Low Moor, IA",41.801390000000005,-90.35611
"Lowden, IA",41.85778,-90.92583
"Lu Verne, IA",42.91167,-94.08361
"Luana, IA",43.060829999999996,-91.45333000000001
"Lucas, IA",41.029720000000005,-93.46167
"Luther, IA",41.967220000000005,-93.81860999999999
"Luxemburg, IA",42.60472,-91.07667
"Luzerne, IA",41.90611,-92.18028000000001
"Lynnville, IA",41.57806,-92.78556
"Lytton, IA",42.424440000000004,-94.85916999999999
"Macedonia, IA",41.19194,-95.425
"Macksburg, IA",41.21417,-94.18556
"Madrid, IA",41.87556,-93.82
"Magnolia, IA",41.69444,-95.87361
"Maharishi Vedic City, IA",41.050732,-91.993976
"Malcom, IA",41.7075,-92.55528000000001
"Mallard, IA",42.93722,-94.68417
"Maloy, IA",40.675,-94.41306
"Malvern, IA",41.00472,-95.58444
"Manchester, IA",42.48611,-91.45721999999999
"Manilla, IA",41.888329999999996,-95.23278
"Manly, IA",43.28778,-93.20389
"Manning, IA",41.908609999999996,-95.06333000000001
"Manson, IA",42.530559999999994,-94.53472
"Mapleton, IA",42.16417,-95.79111
"Maquoketa, IA",42.06694,-90.66611
"Marathon, IA",42.86,-94.98167
"Marble Rock, IA",42.96472,-92.86778000000001
"Marcus, IA",42.82278,-95.805
"Marengo, IA",41.79722,-92.06944
"Marion, IA",42.03778,-91.75972
"Marne, IA",41.448609999999995,-95.11194
"Marquette, IA",43.04278,-91.18417
"Marshalltown, IA",42.04167,-92.91444
"Martelle, IA",42.020559999999996,-91.35833000000001
"Martensdale, IA",41.373059999999995,-93.73971999999999
"Martinsburg, IA",41.178329999999995,-92.25139
"Marysville, IA",41.18111,-92.95222
"Mason City, IA",43.14861,-93.20194000000001
"Masonville, IA",42.47972,-91.59056
"Massena, IA",41.253890000000006,-94.76889
"Matlock, IA",43.24306,-95.93444000000001
"Maurice, IA",42.96611,-96.18083
"Maxwell, IA",41.89028,-93.39778000000001
"Maynard, IA",42.774440000000006,-91.87833
"Maysville, IA",41.64917,-90.71833000000001
"McCallsburg, IA",42.166109999999996,-93.39056
"McCausland, IA",41.74472,-90.4425
"McClelland, IA",41.32917,-95.68417
"McGregor, IA",43.02194,-91.17971999999999
"McIntire, IA",43.43667,-92.59583
"Mechanicsville, IA",41.9,-91.25
"Mediapolis, IA",41.00833,-91.16471999999999
"Melbourne, IA",41.94167,-93.1025
"Melcher-Dallas, IA",41.22667,-93.23971999999999
"Melrose, IA",40.97528,-93.05
"Melvin, IA",43.28667,-95.6075
"Menlo, IA",41.5225,-94.40528
"Meriden, IA",42.79417,-95.63417
"Merrill, IA",42.72139,-96.25083000000001
"Meservey, IA",42.913059999999994,-93.47610999999999
"Middletown, IA",40.82806,-91.26028000000001
"Miles, IA",42.0475,-90.315
"Milford, IA",43.32694,-95.15083
"Millersburg, IA",41.57278,-92.15944
"Millerton, IA",40.84917,-93.30556
"Millville, IA",42.70417,-91.07611
"Milo, IA",41.28833,-93.44
"Milton, IA",40.67306,-92.16167
"Minburn, IA",41.75611,-94.02833000000001
"Minden, IA",41.46694,-95.54222
"Mingo, IA",41.76778,-93.28389
"Missouri Valley, IA",41.558890000000005,-95.89389
"Mitchell, IA",43.32111,-92.87028000000001
"Mitchellville, IA",41.66722,-93.36028
"Modale, IA",41.62,-96.01111
"Mondamin, IA",41.709720000000004,-96.02111
"Monmouth, IA",42.07639,-90.88056
"Monona, IA",43.051390000000005,-91.39056
"Monroe, IA",41.52194,-93.10361
"Montezuma, IA",41.584720000000004,-92.52528000000001
"Monticello, IA",42.238890000000005,-91.18916999999999
"Montour, IA",41.98056,-92.71556
"Montrose, IA",40.52944,-91.41611
"Moorhead, IA",41.92306,-95.85056
"Moorland, IA",42.44222,-94.29361
"Moravia, IA",40.89056,-92.81583
"Morley, IA",42.00667,-91.24667
"Morning Sun, IA",41.095279999999995,-91.25361
"Morrison, IA",42.34333,-92.67444
"Moulton, IA",40.68528,-92.67778
"Mount Auburn, IA",42.257220000000004,-92.09278
"Mount Ayr, IA",40.71417,-94.23694
"Mount Pleasant, IA",40.96694,-91.55111
"Mount Sterling, IA",40.61806,-91.93389
"Mount Union, IA",41.0575,-91.39083000000001
"Mount Vernon, IA",41.924170000000004,-91.41972
"Moville, IA",42.48833,-96.07
"Murray, IA",41.04333,-93.95
"Muscatine, IA",41.42389,-91.05611
"Mystic, IA",40.77861,-92.945
"Nashua, IA",42.952220000000004,-92.53806
"Nemaha, IA",42.515,-95.08944
"Neola, IA",41.450829999999996,-95.6175
"Nevada, IA",42.01917,-93.45167
"New Albin, IA",43.49694,-91.28721999999999
"New Hampton, IA",43.05972,-92.31472
"New Hartford, IA",42.56722,-92.62139
"New Liberty, IA",41.717220000000005,-90.87944
"New London, IA",40.92528,-91.40111
"New Market, IA",40.73028,-94.90139
"New Providence, IA",42.281940000000006,-93.17083000000001
"New Sharon, IA",41.469440000000006,-92.65083
"New Vienna, IA",42.54833,-91.11361
"New Virginia, IA",41.18278,-93.72944
"Newell, IA",42.60611,-95.00222
"Newhall, IA",41.99389,-91.96639
"Newton, IA",41.698609999999995,-93.04694
"Nichols, IA",41.47917,-91.30833
"Nodaway, IA",40.9375,-94.89416999999999
"Nora Springs, IA",43.14389,-93.00889000000001
"North Buena Vista, IA",42.67917,-90.95666999999999
"North English, IA",41.51528,-92.07833000000001
"North Liberty, IA",41.74306,-91.60778
"North Washington, IA",43.11639,-92.41528000000001
"Northboro, IA",40.60778,-95.29139
"Northwood, IA",43.44583,-93.21916999999999
"Norwalk, IA",41.48333,-93.67860999999999
"Norway, IA",41.90333,-91.92333
"Numa, IA",40.685559999999995,-92.97861
"Oakland, IA",41.308609999999994,-95.39556
"Oakland Acres, IA",41.717220000000005,-92.825
"Oakville, IA",41.09778,-91.04361
"Ocheyedan, IA",43.41444,-95.53528
"Odebolt, IA",42.31028,-95.25139
"Oelwein, IA",42.67694,-91.91583
"Ogden, IA",42.04,-94.03056
"Okoboji, IA",43.3875,-95.13806
"Olds, IA",41.13333,-91.54556
"Olin, IA",41.9975,-91.14
"Ollie, IA",41.19778,-92.09416999999999
"Onawa, IA",42.0275,-96.09639
"Onslow, IA",42.10556,-91.01528
"Orange City, IA",43.005559999999996,-96.05889
"Orchard, IA",43.22694,-92.77444
"Orient, IA",41.20278,-94.41889
"Orleans, IA",43.44444,-95.10778
"Osage, IA",43.28472,-92.81222
"Osceola, IA",41.03417,-93.76833
"Oskaloosa, IA",41.293890000000005,-92.64444
"Ossian, IA",43.146390000000004,-91.76389
"Osterdock, IA",42.72972,-91.16167
"Otho, IA",42.42472,-94.14972
"Oto, IA",42.283609999999996,-95.89416999999999
"Ottosen, IA",42.895559999999996,-94.37778
"Ottumwa, IA",41.013059999999996,-92.41471999999999
"Owasa, IA",42.431940000000004,-93.20528
"Oxford, IA",41.72278,-91.78971999999999
"Oxford Junction, IA",41.98333,-90.95444
"Oyens, IA",42.81944,-96.05778000000001
"Pacific Junction, IA",41.01833,-95.8
"Packwood, IA",41.13333,-92.08306
"Palmer, IA",42.630829999999996,-94.6
"Palo, IA",42.06222,-91.79306
"Panama, IA",41.72667,-95.47417
"Panora, IA",41.69222,-94.36361
"Panorama Park, IA",41.555279999999996,-90.45472
"Parkersburg, IA",42.57444,-92.78667
"Parnell, IA",41.58361,-92.005
"Paton, IA",42.16389,-94.255
"Patterson, IA",41.348890000000004,-93.88056
"Paullina, IA",42.978609999999996,-95.68694
"Pella, IA",41.40722,-92.91722
"Peosta, IA",42.44917,-90.84639
"Perry, IA",41.84,-94.1
"Persia, IA",41.57889,-95.57056
"Peterson, IA",42.91861,-95.34139
"Pierson, IA",42.54472,-95.86861
"Pilot Mound, IA",42.1625,-94.01444000000001
"Pioneer, IA",42.65444,-94.39083000000001
"Pisgah, IA",41.83278,-95.92639
"Plainfield, IA",42.84472,-92.53472
"Plano, IA",40.75611,-93.04639
"Pleasant Hill, IA",41.58583,-93.51306
"Pleasant Plain, IA",41.14583,-91.85944
"Pleasanton, IA",40.58028,-93.74306
"Pleasantville, IA",41.38778,-93.26861
"Plover, IA",42.87806,-94.62278
"Plymouth, IA",43.24528,-93.1225
"Pocahontas, IA",42.73444,-94.67305999999999
"Polk City, IA",41.770559999999996,-93.71583000000001
"Pomeroy, IA",42.54833,-94.68361
"Popejoy, IA",42.59417,-93.42694
"Portsmouth, IA",41.65083,-95.51971999999999
"Postville, IA",43.085,-91.56944
"Prairie City, IA",41.59806,-93.23666999999999
"Prairieburg, IA",42.23778,-91.42444
"Prescott, IA",41.0225,-94.6125
"Preston, IA",42.05028,-90.39471999999999
"Primghar, IA",43.08778,-95.62778
"Princeton, IA",41.67333,-90.34306
"Promise City, IA",40.74694,-93.14889000000001
"Protivin, IA",43.215559999999996,-92.09278
"Pulaski, IA",40.69639,-92.27278000000001
"Quasqueton, IA",42.39472,-91.75917
"Quimby, IA",42.62972,-95.64278
"Radcliffe, IA",42.31472,-93.43222
"Rake, IA",43.48333,-93.91944000000001
"Ralston, IA",42.04167,-94.63056
"Randalia, IA",42.86222,-91.88694
"Randall, IA",42.2375,-93.6025
"Randolph, IA",40.873059999999995,-95.56667
"Rathbun, IA",40.801390000000005,-92.88833000000001
"Raymond, IA",42.46833,-92.22111
"Readlyn, IA",42.70333,-92.22639000000001
"Reasnor, IA",41.57861,-93.02278000000001
"Red Oak, IA",41.01167,-95.22721999999999
"Redding, IA",40.605,-94.38833000000001
"Redfield, IA",41.59111,-94.19528000000001
"Reinbeck, IA",42.32222,-92.59861
"Rembrandt, IA",42.82639,-95.16583
"Remsen, IA",42.81306,-95.97166999999999
"Renwick, IA",42.82833,-93.97833
"Rhodes, IA",41.92667,-93.185
"Riceville, IA",43.3625,-92.55333
"Richland, IA",41.185,-91.99389000000001
"Rickardsville, IA",42.58278,-90.88056
"Ricketts, IA",42.12944,-95.57444
"Ridgeway, IA",43.297779999999996,-91.98917
"Rinard, IA",42.33917,-94.48806
"Ringsted, IA",43.295,-94.50889000000001
"Rippey, IA",41.933890000000005,-94.20111
"Riverdale, IA",41.53556,-90.46722
"Riverside, IA",41.48194,-91.57667
"Riverton, IA",40.68611,-95.56778
"Robins, IA",42.07278,-91.66861
"Rock Falls, IA",43.206109999999995,-93.08610999999999
"Rock Rapids, IA",43.428059999999995,-96.16861
"Rock Valley, IA",43.20167,-96.29639
"Rockford, IA",43.05278,-92.94917
"Rockwell, IA",42.98472,-93.19
"Rockwell City, IA",42.39583,-94.63306
"Rodman, IA",43.02694,-94.52778
"Rodney, IA",42.20472,-95.95139
"Roland, IA",42.16556,-93.5
"Rolfe, IA",42.814440000000005,-94.53
"Rome, IA",40.983059999999995,-91.68306
"Rose Hill, IA",41.32139,-92.46306
"Rossie, IA",43.013329999999996,-95.18916999999999
"Rowan, IA",42.74028,-93.55111
"Rowley, IA",42.36833,-91.845
"Royal, IA",43.06389,-95.28472
"Rudd, IA",43.128609999999995,-92.90361
"Runnells, IA",41.5125,-93.35694000000001
"Russell, IA",40.9825,-93.19861
"Ruthven, IA",43.130559999999996,-94.90028000000001
"Rutland, IA",42.75889,-94.29278000000001
"Ryan, IA",42.350559999999994,-91.48306
"Sabula, IA",42.06778,-90.17416999999999
"Sac City, IA",42.42111,-94.995
"Sageville, IA",42.55278,-90.71222
"Salem, IA",40.85306,-91.62083
"Salix, IA",42.30778,-96.28721999999999
"Sanborn, IA",43.18306,-95.65666999999999
"Sandyville, IA",41.37028,-93.38556
"Scarville, IA",43.47056,-93.61639
"Schaller, IA",42.49722,-95.29417
"Schleswig, IA",42.16361,-95.435
"Scranton, IA",42.022220000000004,-94.54611
"Searsboro, IA",41.579440000000005,-92.70361
"Sergeant Bluff, IA",42.40194,-96.35833000000001
"Seymour, IA",40.68278,-93.12083
"Shambaugh, IA",40.656940000000006,-95.03472
"Shannon City, IA",40.89972,-94.26389
"Sharpsburg, IA",40.80222,-94.64028
"Sheffield, IA",42.893609999999995,-93.21694000000001
"Shelby, IA",41.51417,-95.45
"Sheldahl, IA",41.86417,-93.69639000000001
"Sheldon, IA",43.18111,-95.84806
"Shell Rock, IA",42.71111,-92.58333
"Shellsburg, IA",42.093059999999994,-91.87028000000001
"Shenandoah, IA",40.76222,-95.37083
"Sherrill, IA",42.602779999999996,-90.78222
"Shueyville, IA",41.84806,-91.64860999999999
"Sibley, IA",43.403059999999996,-95.74639
"Sidney, IA",40.74722,-95.64694
"Sigourney, IA",41.33333,-92.20333000000001
"Silver City, IA",41.111940000000004,-95.63806
"Sioux Center, IA",43.07667,-96.17333
"Sioux City, IA",42.498059999999995,-96.39556
"Sioux Rapids, IA",42.89278,-95.14721999999999
"Slater, IA",41.88028,-93.68167
"Sloan, IA",42.233059999999995,-96.22444
"Smithland, IA",42.22917,-95.93194
"Soldier, IA",41.98472,-95.78
"Solon, IA",41.806670000000004,-91.49583
"Somers, IA",42.37778,-94.43111
"South English, IA",41.452220000000004,-92.08972
"Spencer, IA",43.14528,-95.14721999999999
"Spillville, IA",43.2,-91.95
"Spirit Lake, IA",43.42306,-95.10417
"Spragueville, IA",42.075559999999996,-90.43
"Spring Hill, IA",41.41194,-93.64917
"Springbrook, IA",42.16194,-90.48
"Springville, IA",42.056940000000004,-91.44417
"St. Ansgar, IA",43.378890000000006,-92.91944000000001
"St. Anthony, IA",42.12417,-93.19667
"St. Charles, IA",41.28778,-93.80806
"St. Donatus, IA",42.36056,-90.53889000000001
"St. Lucas, IA",43.06389,-91.93472
"St. Marys, IA",41.30722,-93.73611
"St. Olaf, IA",42.92778,-91.38722
"St. Paul, IA",40.766940000000005,-91.51694
"Stacyville, IA",43.43694,-92.78305999999999
"Stanhope, IA",42.28944,-93.79528
"Stanley, IA",42.641940000000005,-91.81194
"Stanton, IA",40.98111,-95.10221999999999
"Stanwood, IA",41.891940000000005,-91.15056
"State Center, IA",42.01583,-93.16417
"Steamboat Rock, IA",42.4075,-93.06639
"Stockport, IA",40.85694,-91.83333
"Stockton, IA",41.591390000000004,-90.85778
"Storm Lake, IA",42.643609999999995,-95.20194000000001
"Story City, IA",42.18639,-93.59194000000001
"Stout, IA",42.52722,-92.71139000000001
"Stratford, IA",42.27083,-93.92694
"Strawberry Point, IA",42.67917,-91.53694
"Struble, IA",42.89417,-96.19333
"Stuart, IA",41.503609999999995,-94.32056
"Sully, IA",41.57861,-92.84555999999999
"Sumner, IA",42.85,-92.09971999999999
"Superior, IA",43.43222,-94.94556
"Sutherland, IA",42.9725,-95.49694000000001
"Swaledale, IA",42.97806,-93.31555999999999
"Swan, IA",41.466390000000004,-93.31111
"Swea City, IA",43.38361,-94.30917
"Swisher, IA",41.845,-91.695
"Tabor, IA",40.89667,-95.6725
"Tama, IA",41.96611,-92.575
"Templeton, IA",41.91806,-94.9425
"Tennant, IA",41.59417,-95.44194
"Terril, IA",43.30556,-94.97139
"Thayer, IA",41.02917,-94.04972
"Thompson, IA",43.369440000000004,-93.77167
"Thor, IA",42.68861,-94.04889
"Thornburg, IA",41.455,-92.33389
"Thornton, IA",42.945,-93.38417
"Thurman, IA",40.82028,-95.75111
"Tiffin, IA",41.70639,-91.66139
"Tingley, IA",40.852779999999996,-94.19583
"Tipton, IA",41.770559999999996,-91.12917
"Titonka, IA",43.236670000000004,-94.04194
"Toledo, IA",41.99333,-92.57916999999999
"Toronto, IA",41.90333,-90.86306
"Traer, IA",42.191390000000006,-92.46444
"Treynor, IA",41.23111,-95.60667
"Tripoli, IA",42.80583,-92.2575
"Truesdale, IA",42.728609999999996,-95.18306
"Truro, IA",41.20833,-93.84555999999999
"Turin, IA",42.02083,-95.9675
"Udell, IA",40.78028,-92.74139
"Underwood, IA",41.38694,-95.67860999999999
"Union, IA",42.24472,-93.06416999999999
"Unionville, IA",40.81861,-92.69444
"University Heights, IA",41.65361,-91.55806
"University Park, IA",41.28611,-92.61833
"Urbana, IA",42.22417,-91.87805999999999
"Urbandale, IA",41.636390000000006,-93.73611
"Ute, IA",42.04972,-95.70583
"Vail, IA",42.06111,-95.2025
"Valeria, IA",41.73056,-93.32472
"Van Horne, IA",42.00889,-92.08889
"Van Meter, IA",41.53139,-93.95528
"Van Wert, IA",40.87,-93.79333000000001
"Varina, IA",42.66,-94.89889000000001
"Ventura, IA",43.126670000000004,-93.47333
"Victor, IA",41.73028,-92.29722
"Villisca, IA",40.92917,-94.97806
"Vincent, IA",42.592220000000005,-94.01944
"Vining, IA",41.99028,-92.38472
"Vinton, IA",42.16417,-92.02611
"Volga, IA",42.8025,-91.54056
"Wadena, IA",42.840559999999996,-91.65639
"Wahpeton, IA",43.37194,-95.17389
"Walcott, IA",41.59028,-90.77306
"Walford, IA",41.87806,-91.835
"Walker, IA",42.28722,-91.78139
"Wall Lake, IA",42.27111,-95.09167
"Wallingford, IA",43.31917,-94.79333000000001
"Walnut, IA",41.48111,-95.22111
"Wapello, IA",41.17972,-91.18833000000001
"Washington, IA",41.3,-91.68916999999999
"Washta, IA",42.575829999999996,-95.71806
"Waterloo, IA",42.4925,-92.34611
"Waterville, IA",43.208059999999996,-91.295
"Waucoma, IA",43.056940000000004,-92.0325
"Waukee, IA",41.60889,-93.86528
"Waukon, IA",43.26889,-91.47917
"Waverly, IA",42.72667,-92.47528
"Wayland, IA",41.1475,-91.65972
"Webb, IA",42.94806,-95.01222
"Webster, IA",41.43778,-92.17111
"Webster City, IA",42.466390000000004,-93.82056
"Weldon, IA",40.89806,-93.73416999999999
"Wellman, IA",41.467220000000005,-91.83583
"Wellsburg, IA",42.433609999999994,-92.92806
"Welton, IA",41.91222,-90.60110999999999
"Wesley, IA",43.0875,-93.99306
"West Bend, IA",42.95917,-94.44583
"West Branch, IA",41.667,-91.35
"West Burlington, IA",40.82028,-91.16444
"West Chester, IA",41.338609999999996,-91.81667
"West Des Moines, IA",41.575,-93.70917
"West Liberty, IA",41.57139,-91.26111
"West Okoboji, IA",43.35,-95.15889
"West Point, IA",40.717220000000005,-91.45167
"West Union, IA",42.961940000000006,-91.81
"Westfield, IA",42.755829999999996,-96.60417
"Westgate, IA",42.76833,-91.99528000000001
"Westphalia, IA",41.719440000000006,-95.39444
"Westside, IA",42.07528,-95.10028
"Westwood, IA",40.96417,-91.62833
"What Cheer, IA",41.40056,-92.355
"Wheatland, IA",41.83278,-90.83944
"Whiting, IA",42.12556,-96.15194
"Whittemore, IA",43.06306,-94.42278
"Whitten, IA",42.261390000000006,-93.0075
"Willey, IA",41.97694,-94.82
"Williams, IA",42.4875,-93.54306
"Williamsburg, IA",41.66417,-92.01222
"Williamson, IA",41.08944,-93.25556
"Wilton, IA",41.58944,-91.0175
"Windsor Heights, IA",41.60472,-93.71110999999999
"Winfield, IA",41.126940000000005,-91.4375
"Winterset, IA",41.33583,-94.01389
"Winthrop, IA",42.4725,-91.73583
"Wiota, IA",41.40222,-94.8875
"Woden, IA",43.23056,-93.90944
"Woodbine, IA",41.7375,-95.70555999999999
"Woodburn, IA",41.01167,-93.59861
"Woodward, IA",41.85528,-93.92305999999999
"Woolstock, IA",42.56667,-93.845
"Worthington, IA",42.39667,-91.11944
"Wyoming, IA",42.05917,-91.005
"Yale, IA",41.77528,-94.35556
"Yetter, IA",42.316390000000006,-94.84389
"Yorktown, IA",40.73389,-95.15472
"Zearing, IA",42.16167,-93.29805999999999
"Zwingle, IA",42.297779999999996,-90.68694
" Adair, IA ",41.50015,-94.642953
" Adel, IA ",41.610481,-94.02393
" Adrian, MN ",43.633564,-95.93349
" Afton, IA ",41.027618,-94.195373
" Agency, IA ",40.997475,-92.307229
" Ainsworth, IA ",41.290091,-91.554484
" Aledo, IL ",41.198529,-90.74404
" Allendale, MO ",40.48534,-94.288679
" Alton, IA ",42.9875,-96.009124
" Altoona, IA ",41.646863,-93.476842
" Ames, IA ",42.025494,-93.627594
" Anamosa, IA ",42.11,-91.275476
" Anita, IA ",41.443908,-94.765637
" Ankeny, IA ",41.72789,-93.603196
" Anthon, IA ",42.388134,-95.865633
" Apple River, IL ",42.501961,-90.094624
" Arnolds Park, IA ",43.365829,-95.125952
" Ashland, NE ",41.040345,-96.370141
" Atlantic, IA ",41.392887,-95.021973
" Auburn, NE ",40.389389,-95.843598
" Audubon, IA ",41.718329,-94.928573
" Austin, MN ",43.671683,-92.973668
" Avoca, IA ",41.484074,-95.336325
" Battle Creek, IA ",42.316856,-95.600265
" Bayard, IA ",41.851956,-94.557753
" Bedford, IA ",40.671152,-94.724292
" Bellevue, NE ",41.154293,-95.932838
" Belmond, IA ",42.846573,-93.608451
" Bettendorf, IA ",41.56634,-90.476639
" Bevington, IA ",41.36026,-93.786883
" Bloomfield, IA ",40.749108,-92.417031
" Bonaparte, IA ",40.701174,-91.800522
" Bondurant, IA ",41.699687,-93.454639
" Boone, IA ",42.049371,-93.872728
" Brooklyn, IA ",41.731347,-92.445328
" Burlington, IA ",40.806446,-91.125339
" Cambridge, IA ",41.899298,-93.532267
" Carbon, IA ",41.049661,-94.824003
" Carlisle, IA ",41.513613,-93.496853
" Carroll, IA ",42.069734,-94.864689
" Cascade, IA ",42.302066,-91.004593
" Cassville, WI ",42.715172,-90.989137
" Cedar Falls, IA ",42.519402,-92.452656
" Cedar Rapids, IA ",41.967048,-91.67776
" Center Point, IA ",42.1843,-91.779436
" Charles City, IA ",43.06476,-92.674457
" Cherokee, IA ",42.75107,-95.552828
" Clarence, IA ",41.885888,-91.057044
" Clarinda, IA ",40.737706,-95.034163
" Clear Lake, IA ",43.13509,-93.373651
" Clinton, IA ",41.842539,-90.244583
" Clive, IA ",41.613243,-93.797871
" Colfax, IA ",41.676078,-93.240433
" Coon Rapids, IA ",41.874768,-94.678454
" Coralville, IA ",41.699578,-91.595951
" Corning, IA ",40.992794,-94.739722
" Correctionville, IA ",42.477185,-95.78302
" Council Bluffs, IA ",41.238785,-95.854239
" Cresco, IA ",43.371757,-92.11635
" Creston, IA ",41.060329,-94.365318
" Dakota Dunes, SD ",42.490475,-96.485057
" Dallas Center, IA ",41.686788,-93.98429
" Danbury, IA ",42.236432,-95.721591
" Davenport, IA ",41.554104,-90.603997
" De Soto, IA ",41.536178,-94.009864
" De Witt, IA ",41.822417,-90.543842
" Decatur, NE ",42.006943,-96.250523
" Decorah, IA ",43.301618,-91.78475
" Dedham, IA ",41.908731,-94.823237
" Delta, IA ",41.322588,-92.330421
" Denison, IA ",42.015886,-95.352404
" Des Moines, IA ",41.573946,-93.616708
" Dexter, IA ",41.517907,-94.211012
" Dexter, MN ",43.71986,-92.702739
" Dixon, IL ",41.842974,-89.47884
" Dows, IA ",42.661816,-93.505493
" Dubuque, IA ",42.502385,-90.705102
" Durant, IA ",41.601728,-90.91166
" Dyersville, IA ",42.479866,-91.125621
" Eagleville, MO ",40.468725,-93.985963
" Early, IA ",42.461427,-95.152376
" East Moline, IL ",41.519787,-90.387769
" Eddyville, IA ",41.159205,-92.629789
" Eldora, IA ",42.360595,-93.101287
" Eldridge, IA ",41.639267,-90.580112
" Elgin, IA ",42.955369,-91.635593
" Elizabeth, IL ",37.449352,-88.304094
" Elk Horn, IA ",41.592984,-95.06156
" Emmetsburg, IA ",43.114798,-94.679579
" Epworth, IA ",42.447434,-90.931255
" Estherville, IA ",43.399797,-94.834516
" Fairfield, IA ",41.00688,-91.967137
" Farley, IA ",42.443486,-91.010233
" Fennimore, WI ",42.979998,-90.650886
" Floyd, IA ",43.1282,-92.740254
" Fontanelle, IA ",41.290006,-94.560049
" Fort Dodge, IA ",42.509607,-94.175667
" Fort Madison, IA ",40.61986,-91.351884
" Fredericksburg, IA ",42.964644,-92.196376
" Freeport, IL ",42.289539,-89.635826
" Fruitland, IA ",41.347423,-91.128774
" Galena, IL ",42.422695,-90.430222
" Galesburg, IL ",40.950217,-90.376564
" Galva, IA ",42.505914,-95.417742
" Garner, IA ",43.099535,-93.603298
" George, IA ",43.34289,-96.003695
" Glenwood, IA ",41.04469,-95.740613
" Glidden, IA ",42.057631,-94.726665
" Gowrie, IA ",42.277839,-94.289717
" Greene, IA ",42.896759,-92.803926
" Greenfield, IA ",41.305599,-94.459151
" Gretna, NE ",41.142239,-96.234606
" Grimes, IA ",41.678767,-93.802848
" Grinnell, IA ",41.738154,-92.724915
" Grundy Center, IA ",42.363757,-92.774401
" Guthrie Center, IA ",41.678124,-94.498948
" Hamburg, IA ",40.606088,-95.655018
" Hampton, IA ",42.742005,-93.204968
" Harlan, IA ",41.649514,-95.326861
" Harmony, MN ",43.553936,-92.007584
" Hartley, IA ",43.179047,-95.47675
" Hedrick, IA ",41.171163,-92.307949
" Hiawatha, IA ",42.051024,-91.688979
" Hillsdale, IL ",41.610685,-90.175983
" Holland, IA ",42.399955,-92.798815
" Hollandale, MN ",43.759778,-93.205591
" Holstein, IA ",42.488336,-95.542882
" Homestead, IA ",41.762682,-91.873124
" Hull, IA ",43.189879,-96.132508
" Humeston, IA ",40.860728,-93.497303
" Ida Grove, IA ",42.344248,-95.473367
" Indianola, IA ",41.362378,-93.565893
" Iowa City, IA ",41.656041,-91.531272
" Iowa Falls, IA ",42.519169,-93.26605
" Jackson, MN ",43.628346,-94.987041
" Janesville, IA ",42.645805,-92.462397
" Jefferson, IA ",42.016752,-94.379417
" Kalona, IA ",41.487304,-91.70172
" Kellogg, IA ",41.718027,-92.907079
" Keokuk, IA ",40.409546,-91.402511
" Knoxville, IA ",41.318814,-93.102364
" La Crosse, WI ",43.825866,-91.224245
" La Vista, NE ",41.18114,-96.061084
" Lake City, IA ",42.267637,-94.731046
" Lake View, IA ",42.301996,-95.035761
" Lamoni, IA ",40.620189,-93.934162
" Lanark, IL ",42.101865,-89.832818
" Latimer, IA ",42.762884,-93.3656
" Le Claire, IA ",41.595594,-90.377006
" Le Mars, IA ",42.781514,-96.173311
" Le Roy, MN ",43.513255,-92.507641
" Leaf River, IL ",42.123607,-89.404066
" Lena, IL ",42.37841,-89.821417
" Lenox, IA ",40.883183,-94.558647
" Lincoln, NE ",40.808957,-96.680354
" Lisbon, IA ",41.920532,-91.391662
" Louisville, NE ",40.997533,-96.160549
" Luverne, MN ",43.653542,-96.214185
" Malcom, IA ",41.707596,-92.557463
" Manchester, IA ",42.48535,-91.454856
" Manning, IA ",41.90963,-95.064442
" Maquoketa, IA ",42.060059,-90.664549
" Marion, IA ",42.044596,-91.58616
" Martelle, IA ",42.020444,-91.357764
" Maryville, MO ",40.3434,-94.870028
" Mason City, IA ",43.148609,-93.199795
" Mediapolis, IA ",41.007888,-91.163744
" Milford, IA ",43.323371,-95.153439
" Minden, IA ",41.468363,-95.541029
" Mineral Point, WI ",42.86235,-90.183656
" Moline, IL ",41.482387,-90.493492
" Monroe, WI ",42.601045,-89.64388
" Montezuma, IA ",41.582991,-92.527828
" Monticello, IA ",42.230924,-91.183915
" Morrison, IL ",41.807867,-89.961664
" Mount Carroll, IL ",42.09471,-89.976949
" Mount Morris, IL ",42.049812,-89.431132
" Mount Pleasant, IA ",40.962205,-91.547162
" Mount Vernon, IA ",41.92365,-91.423763
" Mountain Lake, MN ",43.94184,-94.925314
" Moville, IA ",42.489425,-96.067907
" Murray, IA ",41.041355,-93.948885
" Muscatine, IA ",41.420129,-91.06984
" Nashua, IA ",42.950393,-92.542538
" Nauvoo, IL ",40.544534,-91.382815
" Nebraska City, NE ",40.675373,-95.861244
" Neola, IA ",41.451631,-95.617398
" New Hampton, IA ",43.057166,-92.316357
" New London, IA ",40.923172,-91.401116
" New Sharon, IA ",41.470103,-92.650924
" New Virginia, IA ",41.181616,-93.731041
" Newhall, IA ",41.993329,-91.967341
" Newton, IA ",41.696527,-93.040466
" North Liberty, IA ",41.74437,-91.614508
" North Sioux City, SD ",42.537816,-96.499788
" Northwood, IA ",43.444053,-93.216646
" Norwalk, IA ",41.491679,-93.702119
" Oelwein, IA ",42.671525,-91.91276
" Okoboji, IA ",43.388177,-95.136693
" Omaha, NE ",41.264675,-96.041927
" Orange City, IA ",43.002555,-96.056806
" Oregon, IL ",42.012703,-89.335773
" Osage, IA ",43.282649,-92.811388
" Osceola, IA ",41.03002,-93.779638
" Oskaloosa, IA ",41.290438,-92.638499
" Ottumwa, IA ",41.022337,-92.423402
" Oxford, IA ",41.722696,-91.79126
" Packwood, IA ",41.132725,-92.082476
" Panora, IA ",41.69102,-94.363701
" Papillion, NE ",41.153006,-96.045268
" Pella, IA ",41.40452,-92.917996
" Peosta, IA ",42.447393,-90.845774
" Percival, IA ",40.751269,-95.813266
" Perry, IA ",41.841044,-94.097626
" Peru, NE ",40.478502,-95.731382
" Pierson, IA ",42.542802,-95.865276
" Plainfield, IA ",42.844525,-92.5359
" Platteville, WI ",42.733261,-90.470851
" Plattsmouth, NE ",41.005653,-95.894144
" Pleasant Hill, IA ",41.599235,-93.508394
" Prairie du Chien, WI ",43.043635,-91.138762
" Preston, MN ",43.67234,-92.082607
" Primghar, IA ",43.086379,-95.620903
" Protivin, IA ",43.216428,-92.089145
" Ralston, NE ",41.20001,-96.037825
" Red Oak, IA ",41.01413,-95.224371
" Redfield, IA ",41.590604,-94.196112
" Remsen, IA ",42.814619,-95.972604
" Riverside, IA ",41.48306,-91.572319
" Riverton, IA ",40.686818,-95.568613
" Robins, IA ",42.078745,-91.673969
" Rochester, MN ",44.015442,-92.47721
" Rock Falls, IL ",41.773439,-89.69089
" Rock Island, IL ",41.472952,-90.58516
" Rock Port, MO ",40.410911,-95.533087
" Rock Rapids, IA ",43.425891,-96.165728
" Rockwell City, IA ",42.398163,-94.628879
" Rudd, IA ",43.127523,-92.904592
" Sabula, IA ",42.070188,-90.182499
" Sanborn, IA ",43.18137,-95.655257
" Savanna, IL ",42.094154,-90.140275
" Scales Mound, IL ",42.477518,-90.2511
" Sergeant Bluff, IA ",42.399513,-96.355046
" Sheffield, IA ",42.888717,-93.207078
" Shelby, IA ",41.507515,-95.450335
" Sheldon, IA ",43.179549,-95.845168
" Shenandoah, IA ",40.758301,-95.372058
" Sibley, IA ",43.401265,-95.743796
" Sidney, IA ",40.745949,-95.644299
" Silvis, IL ",41.497677,-90.410853
" Sioux Center, IA ",43.074639,-96.170718
" Sioux City, IA ",42.495252,-96.391462
" Sioux Rapids, IA ",42.891559,-95.148613
" Solon, IA ",41.806462,-91.497428
" South Sioux City, NE ",42.463703,-96.414843
" Spencer, IA ",43.147025,-95.152691
" Spirit Lake, IA ",43.416627,-95.11276
" Spring Valley, MN ",43.686677,-92.390095
" Springfield, NE ",41.085901,-96.133435
" Stanwood, IA ",41.89304,-91.148771
" Steamboat Rock, IA ",42.408135,-93.066506
" Sterling, IL ",41.799668,-89.69515
" Stockton, IL ",42.352147,-89.999762
" Storm Lake, IA ",42.644083,-95.199001
" Sutherland, IA ",42.972831,-95.495035
" Swisher, IA ",41.844196,-91.693895
" Syracuse, NE ",40.663531,-96.182671
" Tabor, IA ",40.894939,-95.673712
" Tama, IA ",41.963081,-92.57378
" Tiffin, IA ",41.716567,-91.654541
" Tipton, IA ",41.76979,-91.128372
" Toledo, IA ",41.990213,-92.580317
" Union, NE ",40.814362,-95.921457
" Urbandale, IA ",41.636688,-93.779792
" Ventura, IA ",43.128868,-93.465914
" Vinton, IA ",42.164025,-92.026196
" Walcott, IA ",41.611567,-90.786352
" Walnut, IA ",41.488472,-95.2205
" Wapello, IA ",41.177248,-91.187372
" Warren, IL ",42.494292,-89.99069
" Washington, IA ",41.298967,-91.692307
" Waterloo, IA ",42.492327,-92.351947
" Waukee, IA ",41.601839,-93.868825
" Waverly, IA ",42.725256,-92.469708
" Webb, IA ",42.949772,-95.013016
" Wellman, IA ",41.469269,-91.834805
" West Branch, IA ",41.662764,-91.340658
" West Des Moines, IA ",41.553269,-93.759758
" West Liberty, IA ",41.57245,-91.262639
" Wheatland, IA ",41.832891,-90.837872
" Williams, IA ",42.489213,-93.541073
" Williamsburg, IA ",41.6689,-92.013261
" Wilton, IA ",41.589109,-91.025481
" Windom, MN ",43.873552,-95.119136
" Winterset, IA ",41.349722,-94.018177
" Woodhull, IL ",41.178574,-90.322045
" Worthington, MN ",43.629119,-95.598858
"Cedar Rapids, IA ",41.967048,-91.67776
"Everly, IA ",43.16513,-95.317533
"Grand Meadow, MN ",43.70585,-92.570367
"Marengo, IA ",41.796666,-92.068052
"Milford, IA ",43.323371,-95.153439
"Montezuma, IA ",41.582991,-92.527828
"Ottumwa, IA ",41.022337,-92.423402
"Perry, IA ",41.841044,-94.097626
"Royal, IA ",43.064354,-95.283806
"Viola, IL ",41.205323,-90.586188
